Time,A1,A2,A3,A4,A5,A6,A7,A8,A9,A10,A11,A12,A13,A14,A15,A16,A17,A18,A19,A20,A21,A22,A23,A24,B1,B2,B3,B4,B5,B6,B7,B8,B9,B10,B11,B12,B13,B14,B15,B16,B17,B18,B19,B20,B21,B22,B23,B24,C1,C2,C3,C4,C5,C6,C7,C8,C9,C10,C11,C12,C13,C14,C15,C16,C17,C18,C19,C20,C21,C22,C23,C24,D1,D2,D3,D4,D5,D6,D7,D8,D9,D10,D11,D12,D13,D14,D15,D16,D17,D18,D19,D20,D21,D22,D23,D24,E1,E2,E3,E4,E5,E6,E7,E8,E9,E10,E11,E12,E13,E14,E15,E16,E17,E18,E19,E20,E21,E22,E23,E24,F1,F2,F3,F4,F5,F6,F7,F8,F9,F10,F11,F12,F13,F14,F15,F16,F17,F18,F19,F20,F21,F22,F23,F24,G1,G2,G3,G4,G5,G6,G7,G8,G9,G10,G11,G12,G13,G14,G15,G16,G17,G18,G19,G20,G21,G22,G23,G24,H1,H2,H3,H4,H5,H6,H7,H8,H9,H10,H11,H12,H13,H14,H15,H16,H17,H18,H19,H20,H21,H22,H23,H24,I1,I2,I3,I4,I5,I6,I7,I8,I9,I10,I11,I12,I13,I14,I15,I16,I17,I18,I19,I20,I21,I22,I23,I24,J1,J2,J3,J4,J5,J6,J7,J8,J9,J10,J11,J12,J13,J14,J15,J16,J17,J18,J19,J20,J21,J22,J23,J24,K1,K2,K3,K4,K5,K6,K7,K8,K9,K10,K11,K12,K13,K14,K15,K16,K17,K18,K19,K20,K21,K22,K23,K24,L1,L2,L3,L4,L5,L6,L7,L8,L9,L10,L11,L12,L13,L14,L15,L16,L17,L18,L19,L20,L21,L22,L23,L24,M1,M2,M3,M4,M5,M6,M7,M8,M9,M10,M11,M12,M13,M14,M15,M16,M17,M18,M19,M20,M21,M22,M23,M24,N1,N2,N3,N4,N5,N6,N7,N8,N9,N10,N11,N12,N13,N14,N15,N16,N17,N18,N19,N20,N21,N22,N23,N24,O1,O2,O3,O4,O5,O6,O7,O8,O9,O10,O11,O12,O13,O14,O15,O16,O17,O18,O19,O20,O21,O22,O23,O24,P1,P2,P3,P4,P5,P6,P7,P8,P9,P10,P11,P12,P13,P14,P15,P16,P17,P18,P19,P20,P21,P22,P23,P24
0,0.118,0.122,0.121,0.119,0.122,0.117,0.121,0.123,0.123,0.124,0.129,0.118,0.123,0.121,0.127,0.131,0.151,0.133,0.129,0.126,0.124,0.128,0.131,0.135,0.12,0.121,0.123,0.117,0.121,0.128,0.125,0.121,0.124,0.123,0.127,0.124,0.13,0.123,0.134,0.13,0.137,0.139,0.145,0.13,0.135,0.136,0.142,0.14,0.118,0.121,0.122,0.117,0.123,0.122,0.121,0.122,0.121,0.125,0.128,0.119,0.129,0.121,0.132,0.124,0.14,0.14,0.139,0.124,0.134,0.125,0.135,0.14,0.122,0.123,0.123,0.118,0.128,0.12,0.125,0.126,0.121,0.125,0.132,0.121,0.135,0.122,0.127,0.131,0.134,0.143,0.153,0.133,0.144,0.137,0.148,0.157,0.118,0.117,0.127,0.121,0.123,0.129,0.13,0.126,0.119,0.119,0.133,0.121,0.132,0.128,0.135,0.141,0.132,0.134,0.14,0.14,0.131,0.138,0.15,0.158,0.119,0.13,0.127,0.121,0.123,0.13,0.134,0.125,0.119,0.123,0.134,0.124,0.125,0.13,0.152,0.139,0.134,0.139,0.152,0.139,0.136,0.153,0.158,0.155,0.118,0.117,0.118,0.12,0.12,0.126,0.126,0.123,0.118,0.128,0.125,0.121,0.123,0.124,0.134,0.131,0.126,0.127,0.138,0.134,0.132,0.139,0.144,0.159,0.118,0.12,0.124,0.12,0.121,0.124,0.121,0.124,0.118,0.123,0.122,0.128,0.129,0.129,0.132,0.142,0.128,0.14,0.139,0.141,0.138,0.14,0.151,0.166,0.123,0.126,0.123,0.121,0.122,0.133,0.125,0.127,0.126,0.13,0.125,0.122,0.122,0.133,0.127,0.135,0.136,0.138,0.138,0.143,0.137,0.143,0.159,0.18,0.124,0.126,0.126,0.122,0.125,0.131,0.123,0.127,0.126,0.131,0.129,0.126,0.123,0.137,0.128,0.14,0.139,0.144,0.16,0.144,0.149,0.149,0.152,0.183,0.126,0.119,0.122,0.12,0.124,0.129,0.12,0.124,0.13,0.119,0.127,0.126,0.123,0.128,0.123,0.134,0.138,0.138,0.147,0.148,0.157,0.142,0.148,0.17,0.129,0.122,0.122,0.119,0.126,0.13,0.127,0.128,0.135,0.126,0.126,0.125,0.142,0.131,0.135,0.139,0.155,0.135,0.146,0.154,0.172,0.162,0.156,0.173,0.145,0.142,0.129,0.136,0.121,0.138,0.149,0.155,0.128,0.137,0.132,0.128,0.156,0.145,0.14,0.153,0.164,0.153,0.138,0.12,0.126,0.129,0.134,0.121,0.145,0.141,0.132,0.138,0.143,0.12,0.155,0.179,0.128,0.14,0.15,0.124,0.164,0.14,0.147,0.169,0.18,0.209,0.129,0.123,0.143,0.121,0.128,0.13,0.125,0.124,0.122,0.142,0.132,0.119,0.128,0.125,0.123,0.137,0.145,0.127,0.137,0.121,0.128,0.149,0.169,0.163,0.123,0.12,0.124,0.126,0.127,0.134,0.122,0.124,0.136,0.138,0.128,0.123,0.125,0.128,0.127,0.136,0.142,0.127,0.146,0.127,0.13,0.157,0.154,0.155,0.122,0.123,0.122,0.121,0.14,0.129
3.116666667,0.12,0.127,0.124,0.118,0.127,0.116,0.123,0.129,0.125,0.129,0.132,0.118,0.128,0.12,0.129,0.137,0.153,0.137,0.132,0.124,0.127,0.125,0.131,0.136,0.122,0.126,0.125,0.119,0.128,0.128,0.126,0.126,0.126,0.126,0.13,0.124,0.134,0.122,0.134,0.133,0.139,0.141,0.146,0.129,0.139,0.136,0.141,0.139,0.12,0.125,0.125,0.117,0.129,0.121,0.122,0.125,0.123,0.128,0.128,0.118,0.136,0.12,0.133,0.128,0.141,0.141,0.14,0.124,0.14,0.124,0.145,0.14,0.124,0.127,0.126,0.118,0.137,0.12,0.128,0.132,0.123,0.13,0.135,0.121,0.142,0.122,0.13,0.138,0.136,0.147,0.156,0.133,0.151,0.136,0.149,0.16,0.117,0.117,0.136,0.121,0.126,0.138,0.148,0.129,0.12,0.119,0.142,0.122,0.135,0.137,0.145,0.146,0.131,0.132,0.145,0.141,0.133,0.144,0.158,0.159,0.118,0.13,0.134,0.123,0.126,0.14,0.147,0.13,0.119,0.122,0.14,0.126,0.128,0.139,0.16,0.143,0.131,0.139,0.156,0.14,0.136,0.157,0.166,0.157,0.117,0.117,0.118,0.121,0.121,0.131,0.133,0.126,0.118,0.128,0.125,0.121,0.124,0.129,0.14,0.134,0.126,0.126,0.138,0.134,0.132,0.143,0.145,0.16,0.118,0.12,0.124,0.12,0.122,0.129,0.123,0.129,0.118,0.122,0.122,0.128,0.13,0.134,0.132,0.146,0.128,0.14,0.138,0.141,0.138,0.144,0.151,0.167,0.127,0.134,0.128,0.121,0.125,0.146,0.129,0.132,0.131,0.138,0.13,0.123,0.125,0.145,0.131,0.14,0.137,0.145,0.141,0.142,0.139,0.151,0.16,0.184,0.129,0.133,0.13,0.124,0.128,0.141,0.126,0.132,0.131,0.136,0.133,0.127,0.126,0.146,0.13,0.145,0.144,0.144,0.152,0.144,0.148,0.153,0.151,0.18,0.133,0.12,0.124,0.12,0.128,0.137,0.12,0.128,0.138,0.12,0.129,0.127,0.127,0.136,0.123,0.138,0.146,0.138,0.147,0.145,0.154,0.146,0.147,0.172,0.138,0.124,0.122,0.12,0.13,0.138,0.127,0.132,0.145,0.128,0.127,0.126,0.146,0.139,0.136,0.143,0.162,0.137,0.146,0.155,0.17,0.164,0.156,0.174,0.168,0.163,0.137,0.149,0.12,0.137,0.175,0.174,0.134,0.15,0.132,0.127,0.18,0.166,0.147,0.162,0.164,0.152,0.136,0.12,0.123,0.126,0.13,0.12,0.167,0.154,0.138,0.15,0.142,0.119,0.176,0.192,0.133,0.149,0.15,0.124,0.178,0.149,0.149,0.172,0.179,0.207,0.123,0.121,0.141,0.12,0.123,0.122,0.13,0.127,0.125,0.154,0.132,0.118,0.131,0.127,0.125,0.145,0.145,0.127,0.141,0.124,0.13,0.156,0.168,0.162,0.122,0.119,0.123,0.121,0.124,0.127,0.123,0.124,0.138,0.149,0.128,0.122,0.125,0.129,0.129,0.144,0.142,0.127,0.147,0.127,0.131,0.158,0.153,0.153,0.121,0.12,0.122,0.12,0.139,0.126
6.233333333,0.122,0.134,0.128,0.119,0.133,0.116,0.125,0.138,0.127,0.135,0.137,0.118,0.135,0.12,0.132,0.144,0.156,0.142,0.135,0.124,0.133,0.124,0.133,0.144,0.124,0.131,0.127,0.122,0.134,0.127,0.129,0.132,0.128,0.132,0.134,0.124,0.14,0.123,0.137,0.14,0.142,0.146,0.15,0.129,0.144,0.135,0.142,0.142,0.121,0.13,0.128,0.117,0.136,0.12,0.123,0.13,0.126,0.133,0.131,0.118,0.143,0.12,0.135,0.133,0.143,0.144,0.142,0.124,0.147,0.124,0.147,0.145,0.126,0.131,0.131,0.118,0.147,0.12,0.131,0.139,0.126,0.134,0.139,0.121,0.152,0.122,0.133,0.144,0.135,0.148,0.155,0.132,0.157,0.136,0.151,0.167,0.117,0.117,0.147,0.123,0.131,0.149,0.156,0.135,0.119,0.119,0.152,0.124,0.139,0.148,0.158,0.152,0.131,0.132,0.154,0.142,0.136,0.152,0.164,0.163,0.118,0.129,0.142,0.124,0.129,0.15,0.162,0.135,0.119,0.122,0.145,0.127,0.13,0.148,0.17,0.149,0.129,0.137,0.157,0.141,0.137,0.158,0.171,0.161,0.117,0.117,0.118,0.121,0.122,0.138,0.142,0.13,0.118,0.128,0.125,0.122,0.125,0.135,0.146,0.137,0.125,0.126,0.138,0.133,0.132,0.149,0.152,0.16,0.118,0.12,0.124,0.12,0.123,0.134,0.124,0.134,0.118,0.121,0.122,0.128,0.131,0.139,0.134,0.151,0.128,0.138,0.139,0.14,0.137,0.146,0.15,0.167,0.133,0.144,0.133,0.122,0.129,0.161,0.134,0.137,0.137,0.148,0.135,0.124,0.127,0.161,0.135,0.143,0.142,0.151,0.145,0.141,0.14,0.16,0.16,0.182,0.134,0.141,0.134,0.125,0.131,0.153,0.128,0.138,0.137,0.142,0.138,0.128,0.129,0.156,0.132,0.149,0.15,0.151,0.157,0.146,0.149,0.159,0.15,0.178,0.141,0.12,0.126,0.121,0.132,0.145,0.12,0.132,0.146,0.12,0.132,0.128,0.131,0.144,0.123,0.142,0.153,0.138,0.147,0.145,0.155,0.15,0.144,0.168,0.148,0.126,0.122,0.121,0.135,0.147,0.127,0.135,0.156,0.129,0.127,0.126,0.15,0.146,0.135,0.147,0.168,0.138,0.145,0.154,0.169,0.169,0.153,0.169,0.201,0.188,0.144,0.163,0.12,0.134,0.21,0.196,0.141,0.164,0.132,0.122,0.214,0.191,0.152,0.173,0.163,0.147,0.135,0.12,0.122,0.124,0.128,0.12,0.198,0.17,0.143,0.164,0.142,0.118,0.205,0.201,0.137,0.159,0.15,0.123,0.198,0.162,0.151,0.177,0.179,0.205,0.121,0.121,0.14,0.12,0.122,0.121,0.135,0.131,0.128,0.167,0.131,0.118,0.136,0.129,0.126,0.155,0.144,0.123,0.142,0.126,0.133,0.164,0.168,0.16,0.122,0.119,0.123,0.12,0.123,0.126,0.125,0.124,0.139,0.163,0.127,0.122,0.126,0.129,0.13,0.153,0.142,0.127,0.142,0.127,0.132,0.163,0.153,0.141,0.121,0.12,0.121,0.12,0.137,0.125
9.35,0.125,0.141,0.133,0.12,0.14,0.116,0.128,0.149,0.13,0.142,0.14,0.119,0.142,0.12,0.135,0.153,0.158,0.147,0.139,0.125,0.139,0.124,0.135,0.151,0.126,0.137,0.129,0.121,0.142,0.126,0.131,0.139,0.131,0.137,0.138,0.123,0.147,0.123,0.14,0.147,0.144,0.153,0.155,0.129,0.149,0.135,0.144,0.148,0.124,0.134,0.132,0.117,0.146,0.121,0.125,0.135,0.129,0.137,0.135,0.118,0.153,0.12,0.136,0.139,0.146,0.147,0.146,0.124,0.153,0.123,0.144,0.147,0.129,0.136,0.133,0.118,0.159,0.12,0.134,0.148,0.13,0.14,0.14,0.121,0.162,0.122,0.136,0.151,0.137,0.151,0.157,0.132,0.163,0.136,0.152,0.168,0.117,0.117,0.161,0.124,0.135,0.162,0.174,0.142,0.12,0.119,0.165,0.126,0.142,0.16,0.172,0.156,0.13,0.132,0.164,0.143,0.139,0.161,0.17,0.165,0.118,0.129,0.151,0.126,0.132,0.162,0.18,0.141,0.12,0.122,0.151,0.129,0.134,0.158,0.183,0.155,0.13,0.134,0.159,0.142,0.138,0.164,0.176,0.165,0.117,0.116,0.119,0.122,0.123,0.145,0.154,0.134,0.118,0.128,0.125,0.123,0.126,0.142,0.155,0.141,0.125,0.126,0.138,0.134,0.132,0.152,0.156,0.16,0.118,0.12,0.124,0.12,0.124,0.141,0.127,0.14,0.118,0.121,0.122,0.128,0.132,0.144,0.137,0.156,0.128,0.135,0.139,0.14,0.137,0.15,0.149,0.168,0.139,0.157,0.138,0.124,0.132,0.18,0.139,0.144,0.143,0.16,0.139,0.125,0.131,0.18,0.14,0.147,0.146,0.161,0.147,0.14,0.142,0.173,0.16,0.18,0.141,0.151,0.139,0.126,0.135,0.167,0.131,0.144,0.143,0.151,0.141,0.129,0.132,0.168,0.135,0.153,0.156,0.157,0.159,0.147,0.15,0.167,0.153,0.175,0.149,0.12,0.129,0.122,0.136,0.155,0.121,0.137,0.156,0.121,0.134,0.129,0.135,0.154,0.123,0.143,0.159,0.136,0.146,0.141,0.155,0.157,0.143,0.165,0.161,0.127,0.122,0.122,0.14,0.157,0.127,0.14,0.169,0.13,0.128,0.127,0.154,0.155,0.135,0.151,0.176,0.14,0.146,0.153,0.171,0.175,0.151,0.169,0.247,0.22,0.152,0.181,0.12,0.132,0.26,0.224,0.15,0.18,0.132,0.122,0.265,0.223,0.158,0.186,0.162,0.146,0.133,0.119,0.122,0.122,0.125,0.12,0.243,0.191,0.15,0.18,0.142,0.118,0.247,0.213,0.144,0.172,0.15,0.124,0.227,0.178,0.155,0.187,0.178,0.206,0.121,0.12,0.138,0.12,0.122,0.121,0.142,0.136,0.131,0.182,0.131,0.118,0.141,0.132,0.13,0.168,0.145,0.123,0.147,0.13,0.137,0.174,0.167,0.16,0.122,0.119,0.123,0.121,0.123,0.126,0.127,0.124,0.142,0.179,0.127,0.122,0.128,0.129,0.132,0.164,0.142,0.127,0.143,0.127,0.135,0.17,0.151,0.14,0.121,0.12,0.121,0.12,0.136,0.125
12.46666667,0.129,0.15,0.139,0.12,0.149,0.116,0.131,0.161,0.134,0.15,0.144,0.12,0.15,0.119,0.137,0.164,0.161,0.153,0.144,0.125,0.146,0.124,0.137,0.16,0.129,0.144,0.132,0.12,0.151,0.127,0.133,0.147,0.134,0.142,0.143,0.123,0.155,0.123,0.141,0.153,0.147,0.157,0.157,0.13,0.155,0.135,0.146,0.156,0.127,0.139,0.136,0.118,0.156,0.12,0.127,0.141,0.132,0.141,0.139,0.119,0.164,0.12,0.137,0.145,0.149,0.15,0.15,0.124,0.161,0.123,0.148,0.15,0.133,0.141,0.137,0.118,0.171,0.12,0.136,0.157,0.134,0.144,0.144,0.121,0.174,0.121,0.139,0.159,0.14,0.153,0.157,0.131,0.172,0.134,0.153,0.169,0.118,0.116,0.176,0.127,0.14,0.177,0.198,0.149,0.12,0.118,0.178,0.128,0.145,0.174,0.189,0.162,0.13,0.131,0.175,0.144,0.142,0.172,0.18,0.168,0.119,0.129,0.162,0.129,0.136,0.175,0.202,0.147,0.12,0.122,0.159,0.131,0.137,0.169,0.197,0.158,0.13,0.134,0.164,0.143,0.14,0.171,0.186,0.168,0.117,0.116,0.12,0.123,0.125,0.154,0.167,0.139,0.118,0.127,0.126,0.124,0.126,0.149,0.165,0.144,0.125,0.126,0.137,0.134,0.133,0.157,0.165,0.161,0.118,0.12,0.124,0.121,0.125,0.148,0.13,0.146,0.118,0.12,0.122,0.128,0.132,0.15,0.137,0.158,0.127,0.134,0.138,0.14,0.136,0.155,0.15,0.17,0.145,0.172,0.144,0.125,0.136,0.204,0.144,0.151,0.15,0.174,0.144,0.127,0.134,0.203,0.144,0.152,0.151,0.172,0.152,0.141,0.144,0.191,0.163,0.179,0.147,0.163,0.144,0.127,0.138,0.183,0.135,0.151,0.15,0.16,0.146,0.13,0.135,0.181,0.138,0.156,0.161,0.165,0.161,0.147,0.15,0.178,0.151,0.176,0.159,0.121,0.133,0.123,0.141,0.167,0.121,0.142,0.167,0.121,0.137,0.129,0.139,0.165,0.123,0.147,0.167,0.136,0.148,0.141,0.157,0.165,0.141,0.167,0.174,0.129,0.122,0.122,0.146,0.169,0.126,0.145,0.184,0.132,0.128,0.128,0.158,0.165,0.134,0.156,0.185,0.142,0.145,0.153,0.171,0.181,0.149,0.17,0.285,0.252,0.161,0.202,0.12,0.132,0.305,0.256,0.16,0.2,0.132,0.121,0.308,0.257,0.166,0.202,0.161,0.145,0.132,0.119,0.121,0.121,0.122,0.12,0.284,0.216,0.159,0.2,0.141,0.118,0.291,0.228,0.151,0.186,0.15,0.124,0.265,0.197,0.161,0.198,0.179,0.206,0.12,0.12,0.137,0.119,0.122,0.121,0.148,0.143,0.135,0.2,0.131,0.117,0.147,0.136,0.133,0.182,0.145,0.123,0.152,0.136,0.139,0.186,0.166,0.159,0.122,0.119,0.123,0.12,0.122,0.126,0.129,0.125,0.145,0.197,0.126,0.121,0.129,0.128,0.135,0.176,0.142,0.125,0.144,0.124,0.136,0.178,0.151,0.141,0.121,0.119,0.121,0.12,0.137,0.125
15.58333333,0.132,0.159,0.145,0.121,0.158,0.117,0.135,0.175,0.138,0.16,0.15,0.121,0.159,0.12,0.141,0.176,0.163,0.16,0.149,0.126,0.154,0.123,0.139,0.171,0.133,0.151,0.135,0.122,0.16,0.126,0.136,0.157,0.138,0.148,0.148,0.123,0.163,0.122,0.143,0.161,0.152,0.161,0.161,0.13,0.162,0.134,0.147,0.166,0.13,0.144,0.142,0.118,0.167,0.121,0.129,0.149,0.136,0.146,0.143,0.119,0.176,0.12,0.139,0.152,0.151,0.154,0.153,0.124,0.171,0.123,0.151,0.155,0.136,0.146,0.142,0.118,0.185,0.12,0.139,0.168,0.139,0.15,0.147,0.121,0.187,0.121,0.142,0.168,0.142,0.157,0.159,0.131,0.182,0.134,0.153,0.174,0.118,0.117,0.196,0.129,0.145,0.194,0.222,0.158,0.121,0.119,0.195,0.13,0.15,0.19,0.21,0.168,0.13,0.131,0.19,0.145,0.146,0.187,0.192,0.172,0.119,0.129,0.175,0.131,0.14,0.191,0.227,0.154,0.12,0.122,0.167,0.133,0.141,0.182,0.213,0.163,0.131,0.133,0.17,0.145,0.142,0.179,0.198,0.173,0.118,0.116,0.121,0.124,0.127,0.163,0.184,0.143,0.118,0.126,0.127,0.125,0.128,0.158,0.178,0.147,0.125,0.126,0.137,0.135,0.133,0.164,0.175,0.164,0.118,0.12,0.124,0.121,0.126,0.156,0.134,0.153,0.118,0.121,0.122,0.128,0.133,0.157,0.14,0.163,0.127,0.133,0.139,0.14,0.137,0.162,0.151,0.174,0.152,0.19,0.151,0.127,0.14,0.23,0.15,0.159,0.158,0.191,0.151,0.128,0.137,0.229,0.149,0.158,0.156,0.185,0.156,0.141,0.146,0.214,0.165,0.182,0.155,0.176,0.15,0.129,0.142,0.201,0.138,0.16,0.158,0.171,0.152,0.131,0.139,0.197,0.141,0.162,0.168,0.174,0.163,0.147,0.152,0.191,0.152,0.18,0.17,0.122,0.137,0.124,0.146,0.18,0.121,0.148,0.179,0.122,0.139,0.13,0.143,0.178,0.123,0.152,0.177,0.136,0.15,0.142,0.159,0.175,0.14,0.17,0.191,0.131,0.123,0.123,0.152,0.182,0.127,0.15,0.201,0.134,0.128,0.129,0.163,0.176,0.134,0.16,0.196,0.143,0.143,0.152,0.173,0.189,0.147,0.173,0.308,0.277,0.173,0.225,0.12,0.131,0.331,0.283,0.171,0.223,0.132,0.121,0.332,0.284,0.175,0.223,0.16,0.145,0.131,0.119,0.121,0.12,0.12,0.12,0.311,0.242,0.168,0.222,0.141,0.118,0.32,0.247,0.158,0.202,0.151,0.123,0.301,0.219,0.167,0.208,0.179,0.205,0.12,0.12,0.136,0.119,0.122,0.121,0.155,0.152,0.139,0.221,0.13,0.117,0.153,0.142,0.137,0.198,0.145,0.123,0.158,0.143,0.142,0.199,0.166,0.161,0.122,0.119,0.123,0.12,0.122,0.126,0.131,0.125,0.149,0.219,0.126,0.121,0.131,0.128,0.137,0.189,0.141,0.124,0.144,0.124,0.138,0.187,0.151,0.141,0.12,0.119,0.121,0.12,0.136,0.125
18.7,0.136,0.169,0.153,0.122,0.168,0.117,0.138,0.19,0.142,0.169,0.156,0.121,0.169,0.12,0.144,0.19,0.166,0.167,0.154,0.126,0.163,0.123,0.142,0.185,0.136,0.158,0.139,0.124,0.17,0.126,0.139,0.167,0.142,0.154,0.154,0.123,0.172,0.12,0.145,0.17,0.155,0.166,0.166,0.13,0.169,0.134,0.149,0.177,0.134,0.15,0.147,0.118,0.179,0.121,0.132,0.157,0.14,0.151,0.148,0.119,0.19,0.12,0.14,0.16,0.153,0.158,0.157,0.124,0.182,0.123,0.153,0.16,0.14,0.152,0.147,0.118,0.2,0.12,0.142,0.18,0.143,0.156,0.152,0.121,0.202,0.121,0.143,0.178,0.145,0.16,0.162,0.131,0.193,0.134,0.153,0.179,0.119,0.116,0.219,0.131,0.151,0.213,0.241,0.167,0.121,0.119,0.216,0.133,0.155,0.209,0.234,0.175,0.13,0.131,0.208,0.146,0.15,0.203,0.207,0.178,0.12,0.128,0.19,0.134,0.144,0.207,0.251,0.162,0.121,0.121,0.176,0.135,0.144,0.197,0.23,0.169,0.13,0.133,0.176,0.145,0.144,0.187,0.213,0.177,0.118,0.116,0.123,0.125,0.128,0.173,0.202,0.147,0.118,0.125,0.128,0.126,0.129,0.167,0.193,0.15,0.124,0.126,0.138,0.135,0.133,0.172,0.188,0.166,0.118,0.12,0.124,0.122,0.127,0.165,0.138,0.161,0.119,0.12,0.122,0.128,0.134,0.165,0.143,0.168,0.128,0.133,0.139,0.14,0.137,0.168,0.153,0.178,0.159,0.209,0.159,0.128,0.144,0.256,0.156,0.169,0.166,0.21,0.157,0.129,0.141,0.254,0.154,0.165,0.162,0.201,0.16,0.141,0.149,0.238,0.168,0.185,0.162,0.191,0.156,0.13,0.146,0.221,0.142,0.169,0.166,0.184,0.157,0.132,0.142,0.215,0.144,0.17,0.174,0.184,0.168,0.146,0.155,0.206,0.154,0.185,0.181,0.123,0.141,0.125,0.151,0.195,0.121,0.155,0.193,0.123,0.142,0.131,0.148,0.192,0.123,0.156,0.188,0.136,0.152,0.142,0.161,0.187,0.138,0.173,0.207,0.133,0.123,0.124,0.159,0.197,0.126,0.156,0.22,0.136,0.128,0.13,0.168,0.19,0.133,0.165,0.211,0.144,0.142,0.151,0.176,0.198,0.145,0.177,0.318,0.296,0.186,0.248,0.119,0.13,0.342,0.304,0.184,0.247,0.132,0.121,0.343,0.305,0.185,0.245,0.161,0.143,0.13,0.119,0.121,0.12,0.119,0.119,0.324,0.265,0.179,0.245,0.141,0.117,0.335,0.268,0.167,0.219,0.151,0.123,0.325,0.241,0.173,0.221,0.178,0.202,0.12,0.12,0.135,0.119,0.121,0.121,0.163,0.161,0.144,0.242,0.13,0.117,0.159,0.148,0.141,0.215,0.145,0.122,0.163,0.151,0.146,0.213,0.166,0.161,0.122,0.118,0.122,0.12,0.122,0.126,0.133,0.126,0.152,0.239,0.126,0.12,0.133,0.128,0.14,0.204,0.142,0.124,0.145,0.125,0.14,0.197,0.15,0.141,0.12,0.119,0.121,0.12,0.135,0.125
21.81666667,0.14,0.18,0.16,0.123,0.178,0.117,0.142,0.206,0.146,0.18,0.163,0.122,0.179,0.12,0.147,0.206,0.168,0.175,0.16,0.127,0.172,0.123,0.145,0.2,0.14,0.166,0.142,0.124,0.18,0.126,0.142,0.178,0.147,0.161,0.159,0.124,0.182,0.12,0.148,0.18,0.158,0.172,0.171,0.13,0.178,0.134,0.151,0.189,0.137,0.155,0.153,0.119,0.192,0.121,0.134,0.165,0.144,0.157,0.154,0.12,0.205,0.12,0.142,0.168,0.156,0.161,0.162,0.124,0.194,0.122,0.15,0.166,0.144,0.158,0.153,0.119,0.215,0.12,0.145,0.192,0.149,0.162,0.157,0.121,0.218,0.121,0.146,0.19,0.148,0.165,0.166,0.131,0.205,0.134,0.154,0.185,0.119,0.116,0.241,0.134,0.157,0.232,0.268,0.177,0.122,0.119,0.239,0.135,0.16,0.228,0.257,0.183,0.13,0.13,0.229,0.146,0.155,0.22,0.226,0.185,0.12,0.128,0.207,0.137,0.148,0.224,0.274,0.171,0.121,0.121,0.187,0.137,0.148,0.213,0.248,0.174,0.13,0.131,0.183,0.146,0.147,0.198,0.232,0.182,0.118,0.116,0.124,0.126,0.13,0.185,0.223,0.153,0.118,0.124,0.129,0.127,0.131,0.177,0.21,0.154,0.123,0.125,0.138,0.135,0.134,0.18,0.204,0.169,0.118,0.119,0.124,0.122,0.128,0.174,0.141,0.169,0.119,0.12,0.123,0.128,0.135,0.174,0.146,0.174,0.127,0.132,0.138,0.14,0.137,0.175,0.155,0.182,0.167,0.229,0.166,0.13,0.148,0.278,0.162,0.18,0.175,0.231,0.164,0.13,0.144,0.276,0.159,0.173,0.169,0.22,0.165,0.142,0.151,0.261,0.172,0.189,0.17,0.206,0.163,0.131,0.15,0.239,0.146,0.179,0.175,0.198,0.163,0.133,0.145,0.233,0.147,0.177,0.18,0.197,0.171,0.147,0.157,0.224,0.155,0.19,0.193,0.124,0.145,0.127,0.156,0.21,0.122,0.162,0.207,0.124,0.146,0.131,0.153,0.207,0.123,0.161,0.201,0.136,0.154,0.142,0.164,0.201,0.137,0.176,0.224,0.136,0.123,0.126,0.165,0.212,0.126,0.163,0.238,0.138,0.128,0.131,0.174,0.204,0.132,0.17,0.227,0.146,0.141,0.151,0.178,0.208,0.144,0.18,0.321,0.309,0.2,0.269,0.119,0.128,0.346,0.318,0.198,0.268,0.132,0.12,0.346,0.32,0.197,0.266,0.16,0.143,0.129,0.119,0.121,0.12,0.119,0.119,0.33,0.284,0.191,0.265,0.14,0.117,0.341,0.286,0.176,0.236,0.15,0.122,0.338,0.261,0.179,0.236,0.178,0.199,0.12,0.12,0.134,0.119,0.121,0.121,0.17,0.172,0.148,0.261,0.13,0.117,0.166,0.156,0.145,0.233,0.145,0.122,0.169,0.16,0.15,0.229,0.166,0.161,0.121,0.118,0.122,0.12,0.121,0.126,0.135,0.127,0.156,0.258,0.126,0.12,0.135,0.129,0.143,0.219,0.141,0.124,0.147,0.125,0.143,0.209,0.149,0.141,0.12,0.119,0.121,0.12,0.135,0.125
24.93333333,0.144,0.192,0.169,0.124,0.189,0.117,0.146,0.223,0.15,0.191,0.17,0.123,0.19,0.12,0.151,0.223,0.172,0.184,0.166,0.127,0.182,0.123,0.149,0.217,0.143,0.174,0.147,0.126,0.191,0.126,0.145,0.19,0.152,0.168,0.165,0.124,0.193,0.12,0.151,0.191,0.16,0.177,0.178,0.131,0.187,0.133,0.153,0.201,0.141,0.161,0.16,0.119,0.204,0.121,0.136,0.173,0.149,0.163,0.159,0.12,0.22,0.12,0.144,0.177,0.16,0.165,0.167,0.124,0.206,0.122,0.151,0.172,0.148,0.163,0.161,0.119,0.229,0.121,0.148,0.205,0.154,0.168,0.162,0.122,0.233,0.121,0.148,0.202,0.152,0.169,0.17,0.131,0.218,0.133,0.154,0.191,0.12,0.116,0.262,0.137,0.163,0.25,0.286,0.188,0.122,0.119,0.261,0.138,0.165,0.247,0.277,0.191,0.13,0.129,0.251,0.148,0.16,0.237,0.244,0.191,0.12,0.128,0.225,0.14,0.153,0.24,0.292,0.18,0.121,0.121,0.201,0.139,0.153,0.229,0.266,0.181,0.13,0.13,0.191,0.147,0.15,0.21,0.251,0.187,0.118,0.116,0.126,0.128,0.132,0.196,0.244,0.158,0.119,0.124,0.13,0.128,0.132,0.187,0.228,0.158,0.123,0.125,0.139,0.135,0.136,0.189,0.221,0.172,0.119,0.119,0.124,0.123,0.13,0.184,0.146,0.178,0.12,0.12,0.123,0.129,0.136,0.183,0.15,0.18,0.127,0.131,0.139,0.139,0.138,0.184,0.158,0.187,0.175,0.248,0.174,0.131,0.152,0.295,0.169,0.192,0.184,0.252,0.171,0.132,0.148,0.293,0.164,0.182,0.176,0.24,0.171,0.142,0.154,0.28,0.175,0.194,0.178,0.222,0.17,0.133,0.154,0.257,0.15,0.191,0.184,0.213,0.17,0.134,0.149,0.251,0.15,0.185,0.188,0.211,0.176,0.147,0.159,0.241,0.158,0.196,0.206,0.125,0.149,0.128,0.162,0.226,0.122,0.17,0.221,0.125,0.149,0.132,0.159,0.223,0.123,0.167,0.214,0.137,0.157,0.142,0.167,0.216,0.137,0.18,0.24,0.138,0.123,0.127,0.172,0.228,0.126,0.171,0.256,0.14,0.128,0.132,0.179,0.219,0.131,0.176,0.244,0.148,0.141,0.151,0.182,0.222,0.143,0.185,0.322,0.317,0.215,0.287,0.119,0.134,0.348,0.327,0.212,0.287,0.131,0.12,0.348,0.33,0.211,0.286,0.16,0.142,0.129,0.119,0.121,0.12,0.119,0.119,0.332,0.298,0.204,0.283,0.14,0.117,0.343,0.3,0.185,0.254,0.149,0.122,0.343,0.278,0.187,0.252,0.177,0.196,0.12,0.12,0.133,0.119,0.121,0.121,0.178,0.183,0.154,0.278,0.129,0.117,0.173,0.165,0.15,0.249,0.145,0.122,0.174,0.169,0.154,0.245,0.166,0.161,0.121,0.118,0.122,0.12,0.121,0.126,0.138,0.128,0.16,0.275,0.125,0.12,0.137,0.13,0.146,0.234,0.141,0.124,0.147,0.125,0.145,0.221,0.149,0.14,0.12,0.119,0.121,0.12,0.131,0.125
28.05,0.149,0.203,0.177,0.125,0.199,0.118,0.15,0.238,0.155,0.202,0.178,0.124,0.201,0.12,0.155,0.239,0.174,0.194,0.173,0.128,0.192,0.123,0.153,0.232,0.147,0.182,0.151,0.126,0.202,0.126,0.148,0.203,0.157,0.175,0.172,0.125,0.204,0.121,0.154,0.203,0.163,0.183,0.184,0.131,0.196,0.133,0.155,0.214,0.145,0.167,0.166,0.12,0.217,0.121,0.139,0.182,0.154,0.169,0.166,0.121,0.234,0.12,0.146,0.186,0.163,0.17,0.172,0.125,0.219,0.122,0.155,0.178,0.152,0.17,0.166,0.12,0.242,0.121,0.151,0.218,0.16,0.175,0.168,0.122,0.247,0.122,0.151,0.215,0.156,0.174,0.174,0.13,0.231,0.133,0.156,0.198,0.121,0.116,0.279,0.14,0.169,0.266,0.304,0.199,0.123,0.119,0.281,0.141,0.171,0.264,0.295,0.2,0.13,0.128,0.271,0.149,0.165,0.254,0.261,0.198,0.121,0.128,0.242,0.143,0.158,0.255,0.306,0.189,0.122,0.121,0.216,0.141,0.157,0.244,0.284,0.189,0.13,0.13,0.201,0.148,0.154,0.222,0.268,0.193,0.118,0.116,0.128,0.129,0.134,0.208,0.264,0.164,0.119,0.124,0.132,0.13,0.134,0.199,0.247,0.162,0.123,0.125,0.14,0.136,0.137,0.199,0.24,0.175,0.119,0.119,0.124,0.124,0.131,0.194,0.15,0.187,0.12,0.12,0.123,0.129,0.138,0.193,0.154,0.187,0.128,0.13,0.138,0.14,0.139,0.192,0.161,0.192,0.183,0.264,0.182,0.133,0.157,0.309,0.176,0.205,0.193,0.27,0.178,0.133,0.152,0.307,0.171,0.194,0.185,0.258,0.176,0.144,0.156,0.296,0.179,0.2,0.187,0.238,0.177,0.134,0.158,0.273,0.155,0.204,0.194,0.229,0.177,0.135,0.153,0.267,0.154,0.196,0.196,0.227,0.18,0.148,0.162,0.257,0.161,0.203,0.218,0.127,0.154,0.13,0.168,0.242,0.122,0.178,0.235,0.126,0.154,0.133,0.164,0.239,0.124,0.173,0.228,0.137,0.16,0.143,0.171,0.231,0.137,0.185,0.255,0.141,0.124,0.128,0.18,0.244,0.126,0.178,0.273,0.142,0.129,0.133,0.186,0.234,0.131,0.182,0.26,0.15,0.141,0.152,0.186,0.235,0.144,0.189,0.323,0.323,0.229,0.303,0.119,0.13,0.349,0.332,0.228,0.303,0.131,0.12,0.348,0.336,0.225,0.303,0.16,0.141,0.128,0.119,0.121,0.12,0.119,0.119,0.333,0.309,0.217,0.298,0.139,0.117,0.344,0.31,0.196,0.27,0.149,0.122,0.346,0.292,0.195,0.267,0.178,0.196,0.12,0.12,0.132,0.119,0.121,0.121,0.186,0.195,0.159,0.292,0.129,0.117,0.181,0.174,0.155,0.265,0.145,0.121,0.18,0.18,0.158,0.26,0.165,0.161,0.121,0.118,0.122,0.12,0.121,0.126,0.14,0.129,0.165,0.289,0.125,0.119,0.139,0.13,0.149,0.249,0.14,0.123,0.149,0.126,0.148,0.234,0.148,0.139,0.12,0.119,0.12,0.12,0.13,0.125
31.16666667,0.153,0.213,0.186,0.126,0.209,0.118,0.155,0.251,0.16,0.213,0.186,0.125,0.212,0.12,0.159,0.254,0.177,0.203,0.181,0.129,0.202,0.124,0.157,0.246,0.151,0.19,0.156,0.124,0.213,0.126,0.151,0.216,0.162,0.183,0.179,0.126,0.215,0.121,0.157,0.216,0.167,0.189,0.191,0.132,0.206,0.133,0.158,0.227,0.149,0.173,0.173,0.12,0.229,0.122,0.141,0.192,0.159,0.175,0.172,0.121,0.247,0.12,0.148,0.196,0.167,0.174,0.177,0.125,0.231,0.122,0.156,0.185,0.157,0.176,0.172,0.12,0.254,0.121,0.155,0.23,0.166,0.181,0.174,0.123,0.259,0.121,0.153,0.228,0.161,0.179,0.178,0.13,0.243,0.133,0.157,0.205,0.121,0.117,0.292,0.143,0.176,0.279,0.314,0.21,0.124,0.119,0.297,0.144,0.177,0.28,0.308,0.209,0.13,0.128,0.289,0.152,0.171,0.269,0.276,0.205,0.122,0.129,0.259,0.146,0.163,0.269,0.317,0.199,0.122,0.121,0.232,0.143,0.162,0.258,0.299,0.197,0.13,0.13,0.211,0.149,0.157,0.235,0.283,0.199,0.119,0.116,0.13,0.13,0.136,0.22,0.282,0.169,0.119,0.124,0.133,0.131,0.136,0.21,0.265,0.166,0.123,0.125,0.141,0.137,0.138,0.209,0.258,0.179,0.119,0.12,0.124,0.125,0.132,0.204,0.155,0.196,0.12,0.119,0.123,0.129,0.139,0.204,0.158,0.194,0.127,0.131,0.138,0.14,0.14,0.202,0.164,0.198,0.191,0.278,0.19,0.135,0.161,0.318,0.183,0.22,0.203,0.285,0.186,0.134,0.156,0.317,0.177,0.206,0.193,0.275,0.183,0.144,0.16,0.308,0.183,0.207,0.196,0.252,0.184,0.136,0.163,0.287,0.16,0.217,0.203,0.244,0.184,0.136,0.157,0.281,0.157,0.208,0.205,0.242,0.186,0.148,0.165,0.272,0.163,0.211,0.23,0.128,0.159,0.131,0.174,0.257,0.123,0.187,0.248,0.127,0.158,0.134,0.17,0.253,0.124,0.18,0.241,0.138,0.163,0.143,0.174,0.246,0.136,0.19,0.269,0.143,0.125,0.13,0.188,0.258,0.126,0.187,0.287,0.145,0.129,0.134,0.192,0.248,0.131,0.19,0.275,0.153,0.141,0.152,0.19,0.25,0.143,0.195,0.323,0.326,0.243,0.315,0.119,0.132,0.349,0.336,0.242,0.316,0.131,0.12,0.348,0.34,0.24,0.317,0.159,0.14,0.127,0.119,0.121,0.12,0.119,0.119,0.333,0.317,0.23,0.309,0.14,0.117,0.345,0.318,0.207,0.284,0.15,0.122,0.347,0.303,0.204,0.28,0.178,0.195,0.12,0.12,0.131,0.119,0.121,0.121,0.193,0.206,0.165,0.303,0.128,0.117,0.188,0.184,0.16,0.279,0.145,0.121,0.186,0.191,0.163,0.274,0.165,0.16,0.121,0.118,0.122,0.12,0.121,0.126,0.142,0.13,0.169,0.3,0.125,0.119,0.142,0.131,0.153,0.263,0.14,0.123,0.15,0.127,0.151,0.247,0.148,0.138,0.12,0.119,0.12,0.12,0.129,0.125
34.28333333,0.158,0.223,0.195,0.127,0.218,0.118,0.159,0.263,0.165,0.224,0.194,0.126,0.222,0.121,0.163,0.268,0.181,0.214,0.189,0.13,0.211,0.124,0.161,0.259,0.156,0.198,0.161,0.128,0.222,0.126,0.155,0.228,0.168,0.19,0.186,0.127,0.226,0.121,0.16,0.228,0.171,0.195,0.198,0.133,0.216,0.133,0.161,0.239,0.153,0.178,0.18,0.121,0.239,0.122,0.143,0.201,0.165,0.181,0.178,0.121,0.259,0.121,0.15,0.206,0.172,0.178,0.183,0.125,0.242,0.122,0.155,0.193,0.162,0.182,0.178,0.12,0.264,0.121,0.158,0.241,0.172,0.188,0.181,0.123,0.27,0.122,0.156,0.239,0.165,0.184,0.183,0.131,0.255,0.132,0.158,0.212,0.122,0.116,0.302,0.146,0.183,0.29,0.324,0.222,0.124,0.119,0.31,0.147,0.183,0.293,0.318,0.219,0.13,0.127,0.304,0.154,0.176,0.282,0.289,0.213,0.122,0.129,0.273,0.149,0.168,0.281,0.324,0.209,0.123,0.12,0.247,0.145,0.166,0.272,0.311,0.206,0.13,0.129,0.223,0.151,0.16,0.246,0.295,0.206,0.119,0.116,0.132,0.131,0.138,0.231,0.297,0.174,0.12,0.123,0.135,0.132,0.137,0.221,0.282,0.171,0.123,0.124,0.142,0.137,0.14,0.219,0.274,0.181,0.119,0.119,0.124,0.125,0.134,0.214,0.16,0.205,0.12,0.119,0.123,0.13,0.14,0.214,0.162,0.202,0.127,0.129,0.138,0.14,0.14,0.211,0.167,0.203,0.199,0.289,0.198,0.136,0.166,0.325,0.19,0.234,0.212,0.298,0.193,0.135,0.16,0.324,0.183,0.219,0.202,0.289,0.189,0.145,0.163,0.317,0.187,0.215,0.205,0.264,0.192,0.137,0.167,0.298,0.164,0.231,0.213,0.257,0.192,0.138,0.161,0.293,0.161,0.221,0.214,0.256,0.191,0.149,0.167,0.284,0.165,0.219,0.24,0.129,0.164,0.132,0.18,0.27,0.123,0.196,0.261,0.128,0.163,0.135,0.175,0.267,0.124,0.188,0.253,0.139,0.167,0.144,0.178,0.259,0.137,0.195,0.281,0.146,0.125,0.131,0.195,0.272,0.126,0.195,0.299,0.147,0.129,0.135,0.199,0.261,0.13,0.198,0.287,0.154,0.141,0.153,0.194,0.263,0.143,0.2,0.323,0.328,0.257,0.323,0.119,0.132,0.349,0.338,0.256,0.325,0.131,0.119,0.349,0.342,0.254,0.328,0.159,0.139,0.126,0.119,0.12,0.119,0.119,0.119,0.333,0.322,0.243,0.317,0.139,0.116,0.345,0.322,0.219,0.296,0.149,0.122,0.348,0.312,0.213,0.292,0.177,0.194,0.12,0.12,0.13,0.119,0.12,0.121,0.201,0.217,0.17,0.311,0.129,0.116,0.195,0.194,0.165,0.292,0.145,0.121,0.192,0.202,0.168,0.286,0.165,0.161,0.121,0.118,0.122,0.12,0.121,0.126,0.145,0.131,0.173,0.308,0.125,0.119,0.144,0.132,0.157,0.275,0.14,0.122,0.152,0.128,0.154,0.259,0.148,0.138,0.12,0.119,0.12,0.12,0.128,0.125
37.4,0.163,0.233,0.204,0.128,0.227,0.119,0.164,0.274,0.17,0.234,0.202,0.128,0.232,0.121,0.167,0.28,0.184,0.223,0.197,0.131,0.22,0.124,0.165,0.27,0.16,0.205,0.167,0.128,0.232,0.126,0.158,0.239,0.174,0.197,0.195,0.128,0.236,0.121,0.163,0.24,0.175,0.202,0.206,0.133,0.225,0.133,0.163,0.25,0.158,0.184,0.188,0.121,0.249,0.122,0.146,0.209,0.171,0.187,0.185,0.122,0.269,0.121,0.153,0.215,0.176,0.184,0.189,0.125,0.252,0.122,0.156,0.2,0.166,0.188,0.185,0.121,0.273,0.122,0.161,0.252,0.178,0.194,0.187,0.123,0.28,0.122,0.159,0.251,0.17,0.189,0.188,0.13,0.265,0.132,0.159,0.22,0.122,0.117,0.309,0.149,0.19,0.299,0.328,0.233,0.125,0.119,0.32,0.15,0.19,0.304,0.326,0.229,0.131,0.127,0.317,0.155,0.182,0.293,0.299,0.221,0.123,0.128,0.286,0.152,0.173,0.291,0.329,0.219,0.123,0.12,0.261,0.147,0.171,0.283,0.321,0.216,0.13,0.129,0.236,0.152,0.164,0.257,0.304,0.212,0.119,0.116,0.134,0.133,0.14,0.242,0.309,0.18,0.12,0.123,0.137,0.134,0.139,0.232,0.296,0.176,0.123,0.124,0.142,0.138,0.141,0.229,0.288,0.185,0.12,0.119,0.124,0.126,0.135,0.224,0.164,0.214,0.121,0.119,0.123,0.13,0.141,0.224,0.166,0.21,0.127,0.129,0.138,0.14,0.141,0.22,0.169,0.208,0.207,0.298,0.206,0.138,0.171,0.33,0.197,0.25,0.221,0.309,0.201,0.137,0.164,0.328,0.19,0.233,0.21,0.3,0.196,0.146,0.166,0.324,0.191,0.224,0.213,0.275,0.199,0.139,0.172,0.307,0.169,0.246,0.222,0.269,0.199,0.139,0.165,0.304,0.165,0.234,0.223,0.268,0.196,0.15,0.17,0.294,0.168,0.228,0.251,0.131,0.169,0.134,0.187,0.283,0.124,0.205,0.273,0.129,0.167,0.137,0.181,0.279,0.124,0.196,0.265,0.139,0.17,0.144,0.183,0.271,0.136,0.201,0.29,0.148,0.126,0.132,0.202,0.284,0.126,0.204,0.31,0.149,0.13,0.136,0.205,0.272,0.13,0.207,0.298,0.157,0.141,0.153,0.199,0.273,0.142,0.205,0.323,0.329,0.27,0.329,0.119,0.134,0.349,0.339,0.269,0.331,0.131,0.119,0.349,0.343,0.268,0.336,0.16,0.138,0.126,0.118,0.12,0.12,0.119,0.119,0.333,0.325,0.255,0.323,0.138,0.116,0.345,0.325,0.23,0.307,0.149,0.121,0.348,0.318,0.222,0.302,0.177,0.193,0.12,0.12,0.13,0.119,0.12,0.121,0.208,0.228,0.176,0.317,0.128,0.116,0.202,0.203,0.17,0.302,0.144,0.121,0.198,0.212,0.173,0.296,0.164,0.16,0.121,0.118,0.122,0.12,0.12,0.126,0.147,0.131,0.177,0.314,0.125,0.119,0.146,0.132,0.16,0.286,0.14,0.122,0.153,0.128,0.157,0.27,0.147,0.139,0.12,0.119,0.12,0.12,0.128,0.125
40.51666667,0.168,0.242,0.213,0.129,0.236,0.119,0.168,0.282,0.175,0.244,0.211,0.129,0.242,0.121,0.171,0.29,0.188,0.233,0.205,0.131,0.229,0.125,0.17,0.28,0.165,0.212,0.172,0.127,0.241,0.127,0.162,0.25,0.18,0.204,0.203,0.129,0.245,0.121,0.166,0.251,0.179,0.208,0.214,0.134,0.234,0.133,0.166,0.261,0.162,0.19,0.195,0.122,0.257,0.122,0.148,0.218,0.176,0.193,0.192,0.123,0.278,0.121,0.155,0.225,0.18,0.189,0.195,0.125,0.261,0.122,0.157,0.208,0.171,0.193,0.192,0.121,0.281,0.122,0.164,0.261,0.185,0.201,0.194,0.124,0.288,0.122,0.162,0.261,0.175,0.194,0.193,0.13,0.274,0.132,0.161,0.228,0.123,0.117,0.313,0.153,0.197,0.306,0.331,0.244,0.126,0.119,0.327,0.153,0.196,0.313,0.331,0.239,0.131,0.127,0.327,0.158,0.188,0.303,0.307,0.23,0.123,0.129,0.296,0.156,0.179,0.301,0.332,0.229,0.124,0.12,0.275,0.149,0.176,0.294,0.329,0.225,0.13,0.128,0.248,0.153,0.167,0.268,0.311,0.22,0.119,0.116,0.136,0.134,0.141,0.252,0.318,0.185,0.12,0.123,0.139,0.135,0.141,0.242,0.307,0.18,0.123,0.123,0.144,0.139,0.142,0.239,0.3,0.188,0.12,0.119,0.125,0.127,0.136,0.234,0.169,0.223,0.121,0.119,0.124,0.131,0.142,0.234,0.17,0.219,0.127,0.129,0.138,0.141,0.143,0.23,0.173,0.215,0.215,0.305,0.214,0.14,0.175,0.333,0.204,0.265,0.23,0.317,0.208,0.138,0.169,0.332,0.196,0.247,0.219,0.31,0.203,0.147,0.169,0.329,0.196,0.235,0.221,0.284,0.206,0.141,0.176,0.314,0.174,0.26,0.231,0.28,0.206,0.14,0.169,0.312,0.169,0.248,0.232,0.279,0.202,0.151,0.173,0.303,0.171,0.238,0.261,0.132,0.174,0.135,0.193,0.293,0.124,0.214,0.283,0.131,0.172,0.138,0.187,0.29,0.125,0.204,0.276,0.14,0.173,0.145,0.188,0.282,0.136,0.207,0.298,0.151,0.126,0.134,0.209,0.294,0.126,0.213,0.318,0.152,0.13,0.137,0.212,0.282,0.13,0.216,0.306,0.159,0.141,0.154,0.205,0.285,0.141,0.211,0.323,0.33,0.281,0.333,0.119,0.133,0.349,0.34,0.28,0.336,0.13,0.119,0.349,0.344,0.28,0.342,0.159,0.138,0.125,0.119,0.12,0.12,0.119,0.119,0.333,0.328,0.266,0.326,0.138,0.116,0.345,0.328,0.241,0.315,0.148,0.121,0.348,0.322,0.232,0.31,0.177,0.192,0.12,0.12,0.129,0.119,0.12,0.121,0.214,0.237,0.181,0.32,0.128,0.116,0.208,0.212,0.175,0.31,0.144,0.121,0.204,0.222,0.178,0.304,0.164,0.16,0.121,0.118,0.122,0.12,0.12,0.126,0.149,0.132,0.181,0.317,0.125,0.118,0.148,0.133,0.164,0.295,0.139,0.122,0.155,0.129,0.16,0.28,0.147,0.138,0.12,0.119,0.12,0.12,0.127,0.125
43.63333333,0.172,0.251,0.222,0.13,0.243,0.119,0.173,0.289,0.18,0.253,0.22,0.13,0.25,0.122,0.176,0.299,0.191,0.242,0.213,0.132,0.237,0.125,0.175,0.288,0.169,0.219,0.178,0.128,0.249,0.126,0.166,0.259,0.186,0.211,0.211,0.13,0.254,0.121,0.17,0.262,0.184,0.215,0.221,0.135,0.242,0.133,0.169,0.27,0.167,0.195,0.202,0.122,0.264,0.123,0.151,0.227,0.182,0.199,0.199,0.123,0.286,0.121,0.157,0.234,0.185,0.194,0.201,0.126,0.27,0.122,0.16,0.215,0.176,0.199,0.202,0.122,0.287,0.122,0.167,0.27,0.192,0.207,0.201,0.124,0.295,0.122,0.164,0.27,0.18,0.2,0.199,0.13,0.281,0.132,0.162,0.236,0.124,0.117,0.316,0.156,0.204,0.311,0.333,0.255,0.126,0.119,0.332,0.156,0.203,0.321,0.335,0.25,0.131,0.127,0.333,0.159,0.195,0.311,0.313,0.238,0.124,0.128,0.305,0.159,0.184,0.308,0.334,0.239,0.124,0.12,0.287,0.152,0.182,0.302,0.334,0.235,0.13,0.128,0.261,0.155,0.171,0.277,0.317,0.227,0.12,0.116,0.139,0.136,0.143,0.262,0.325,0.191,0.12,0.123,0.141,0.136,0.142,0.253,0.316,0.185,0.124,0.123,0.145,0.14,0.144,0.249,0.309,0.192,0.12,0.119,0.125,0.128,0.138,0.243,0.173,0.232,0.121,0.119,0.124,0.131,0.143,0.243,0.175,0.227,0.127,0.129,0.138,0.141,0.144,0.239,0.176,0.221,0.223,0.31,0.221,0.141,0.18,0.335,0.211,0.279,0.238,0.323,0.215,0.14,0.173,0.334,0.203,0.261,0.227,0.318,0.209,0.147,0.173,0.332,0.2,0.246,0.229,0.291,0.213,0.142,0.181,0.32,0.178,0.275,0.239,0.289,0.213,0.141,0.173,0.319,0.173,0.262,0.24,0.289,0.208,0.152,0.176,0.311,0.174,0.249,0.27,0.134,0.179,0.137,0.199,0.302,0.125,0.223,0.292,0.132,0.176,0.139,0.193,0.299,0.125,0.212,0.285,0.141,0.177,0.146,0.192,0.292,0.135,0.214,0.305,0.154,0.127,0.135,0.217,0.303,0.127,0.222,0.324,0.154,0.131,0.138,0.219,0.29,0.13,0.225,0.313,0.161,0.142,0.154,0.211,0.295,0.141,0.218,0.323,0.33,0.292,0.335,0.119,0.132,0.349,0.34,0.29,0.339,0.13,0.119,0.349,0.345,0.291,0.346,0.158,0.137,0.124,0.119,0.12,0.12,0.119,0.119,0.333,0.329,0.276,0.328,0.138,0.116,0.345,0.329,0.252,0.321,0.148,0.121,0.348,0.325,0.242,0.316,0.177,0.192,0.12,0.12,0.128,0.119,0.12,0.121,0.221,0.246,0.187,0.323,0.127,0.116,0.214,0.221,0.18,0.316,0.144,0.12,0.21,0.232,0.183,0.31,0.164,0.16,0.121,0.118,0.122,0.12,0.12,0.126,0.152,0.133,0.186,0.32,0.125,0.118,0.15,0.134,0.167,0.302,0.139,0.121,0.156,0.13,0.163,0.289,0.147,0.137,0.12,0.119,0.12,0.12,0.126,0.125
46.75,0.177,0.258,0.23,0.131,0.25,0.12,0.177,0.295,0.186,0.261,0.228,0.131,0.258,0.122,0.18,0.305,0.195,0.25,0.221,0.133,0.244,0.125,0.179,0.295,0.173,0.225,0.183,0.128,0.256,0.127,0.169,0.268,0.192,0.217,0.219,0.131,0.262,0.121,0.173,0.272,0.188,0.221,0.229,0.136,0.249,0.133,0.171,0.278,0.171,0.2,0.209,0.123,0.271,0.123,0.153,0.234,0.188,0.204,0.205,0.124,0.293,0.121,0.159,0.242,0.19,0.199,0.207,0.126,0.277,0.122,0.161,0.223,0.18,0.204,0.208,0.122,0.293,0.122,0.17,0.277,0.198,0.213,0.208,0.124,0.302,0.122,0.167,0.278,0.186,0.205,0.204,0.13,0.288,0.132,0.163,0.243,0.124,0.117,0.317,0.159,0.21,0.315,0.335,0.264,0.127,0.119,0.335,0.159,0.209,0.326,0.337,0.259,0.131,0.126,0.338,0.162,0.201,0.317,0.317,0.246,0.124,0.128,0.311,0.162,0.189,0.314,0.335,0.248,0.125,0.12,0.298,0.155,0.187,0.31,0.338,0.244,0.131,0.128,0.272,0.157,0.175,0.285,0.32,0.234,0.12,0.116,0.141,0.137,0.145,0.271,0.329,0.196,0.121,0.122,0.142,0.138,0.144,0.262,0.323,0.19,0.124,0.123,0.146,0.141,0.145,0.258,0.316,0.195,0.121,0.119,0.125,0.128,0.139,0.251,0.177,0.24,0.122,0.119,0.124,0.132,0.145,0.253,0.179,0.234,0.128,0.129,0.138,0.141,0.145,0.248,0.179,0.227,0.23,0.314,0.228,0.143,0.185,0.337,0.217,0.292,0.247,0.328,0.222,0.141,0.177,0.336,0.209,0.274,0.235,0.324,0.216,0.149,0.177,0.335,0.204,0.257,0.236,0.297,0.22,0.144,0.185,0.324,0.183,0.288,0.248,0.296,0.22,0.143,0.178,0.325,0.178,0.275,0.249,0.297,0.214,0.152,0.179,0.317,0.177,0.259,0.278,0.135,0.184,0.138,0.205,0.309,0.125,0.232,0.301,0.133,0.181,0.14,0.199,0.307,0.125,0.221,0.294,0.142,0.181,0.146,0.197,0.301,0.136,0.22,0.31,0.156,0.128,0.136,0.223,0.311,0.127,0.231,0.328,0.157,0.131,0.14,0.226,0.297,0.13,0.234,0.318,0.163,0.142,0.155,0.217,0.303,0.141,0.224,0.323,0.33,0.3,0.337,0.118,0.128,0.349,0.34,0.299,0.34,0.13,0.118,0.348,0.345,0.301,0.349,0.158,0.137,0.124,0.119,0.12,0.12,0.119,0.119,0.333,0.33,0.284,0.33,0.138,0.116,0.345,0.33,0.262,0.325,0.148,0.121,0.348,0.327,0.251,0.32,0.176,0.19,0.12,0.12,0.127,0.118,0.12,0.121,0.227,0.254,0.193,0.324,0.127,0.116,0.22,0.229,0.185,0.321,0.144,0.12,0.215,0.24,0.188,0.314,0.163,0.158,0.121,0.118,0.122,0.119,0.12,0.126,0.154,0.134,0.19,0.321,0.124,0.118,0.153,0.135,0.171,0.308,0.139,0.121,0.158,0.13,0.167,0.296,0.146,0.137,0.12,0.119,0.12,0.12,0.126,0.125
49.86666667,0.182,0.265,0.238,0.132,0.256,0.12,0.182,0.299,0.191,0.269,0.236,0.132,0.266,0.122,0.185,0.311,0.199,0.258,0.229,0.134,0.252,0.125,0.184,0.3,0.178,0.232,0.189,0.135,0.263,0.127,0.173,0.276,0.199,0.223,0.227,0.132,0.269,0.122,0.176,0.281,0.193,0.227,0.237,0.137,0.256,0.133,0.174,0.285,0.176,0.205,0.216,0.123,0.276,0.123,0.155,0.242,0.194,0.209,0.212,0.124,0.299,0.122,0.161,0.25,0.194,0.204,0.214,0.126,0.283,0.122,0.164,0.231,0.185,0.21,0.213,0.122,0.298,0.122,0.173,0.284,0.204,0.219,0.215,0.125,0.307,0.123,0.17,0.286,0.191,0.21,0.21,0.131,0.295,0.131,0.165,0.251,0.125,0.117,0.318,0.162,0.217,0.318,0.334,0.273,0.128,0.119,0.337,0.163,0.216,0.33,0.339,0.268,0.131,0.127,0.342,0.165,0.207,0.321,0.32,0.255,0.125,0.129,0.316,0.165,0.195,0.319,0.336,0.257,0.126,0.12,0.307,0.157,0.192,0.316,0.341,0.253,0.131,0.128,0.283,0.159,0.179,0.292,0.323,0.241,0.121,0.116,0.143,0.139,0.147,0.28,0.333,0.201,0.121,0.122,0.144,0.139,0.146,0.271,0.328,0.195,0.124,0.123,0.148,0.142,0.147,0.266,0.322,0.199,0.121,0.119,0.125,0.129,0.141,0.26,0.182,0.248,0.122,0.119,0.124,0.133,0.146,0.261,0.184,0.242,0.128,0.129,0.138,0.142,0.146,0.257,0.182,0.234,0.237,0.317,0.235,0.145,0.189,0.338,0.224,0.304,0.255,0.332,0.229,0.143,0.181,0.337,0.216,0.287,0.242,0.329,0.222,0.149,0.18,0.337,0.209,0.268,0.244,0.303,0.226,0.146,0.19,0.328,0.188,0.3,0.256,0.302,0.227,0.144,0.182,0.329,0.182,0.288,0.257,0.304,0.22,0.154,0.183,0.321,0.181,0.27,0.285,0.136,0.189,0.14,0.211,0.315,0.125,0.241,0.308,0.134,0.186,0.142,0.204,0.313,0.126,0.229,0.302,0.143,0.185,0.147,0.202,0.308,0.135,0.228,0.314,0.159,0.129,0.138,0.23,0.317,0.127,0.239,0.331,0.16,0.132,0.141,0.233,0.303,0.13,0.242,0.322,0.166,0.142,0.155,0.223,0.309,0.14,0.232,0.323,0.331,0.307,0.338,0.119,0.134,0.349,0.341,0.306,0.342,0.13,0.118,0.348,0.345,0.309,0.351,0.158,0.136,0.123,0.118,0.12,0.12,0.119,0.119,0.333,0.331,0.292,0.33,0.137,0.116,0.345,0.33,0.272,0.328,0.148,0.121,0.348,0.328,0.26,0.323,0.176,0.19,0.12,0.12,0.126,0.119,0.12,0.121,0.232,0.261,0.198,0.325,0.127,0.116,0.226,0.236,0.19,0.324,0.144,0.12,0.221,0.248,0.193,0.318,0.163,0.158,0.121,0.118,0.122,0.12,0.12,0.126,0.156,0.136,0.194,0.322,0.124,0.118,0.155,0.135,0.175,0.313,0.139,0.121,0.16,0.131,0.17,0.302,0.146,0.138,0.12,0.119,0.12,0.12,0.125,0.125
52.98333333,0.187,0.272,0.245,0.134,0.262,0.121,0.187,0.303,0.197,0.276,0.245,0.134,0.273,0.123,0.19,0.316,0.204,0.266,0.237,0.136,0.258,0.125,0.189,0.305,0.183,0.237,0.194,0.131,0.27,0.127,0.177,0.283,0.205,0.229,0.235,0.133,0.276,0.122,0.18,0.288,0.198,0.232,0.245,0.138,0.263,0.133,0.178,0.292,0.18,0.21,0.223,0.124,0.281,0.123,0.158,0.249,0.2,0.214,0.219,0.125,0.304,0.122,0.164,0.258,0.199,0.209,0.22,0.127,0.288,0.122,0.167,0.238,0.19,0.215,0.22,0.123,0.302,0.123,0.176,0.291,0.211,0.224,0.221,0.125,0.312,0.123,0.173,0.293,0.197,0.216,0.215,0.13,0.3,0.131,0.166,0.258,0.126,0.117,0.318,0.165,0.224,0.319,0.342,0.281,0.128,0.119,0.338,0.166,0.222,0.333,0.34,0.277,0.132,0.126,0.344,0.167,0.213,0.325,0.323,0.263,0.126,0.129,0.32,0.169,0.2,0.323,0.336,0.266,0.126,0.12,0.315,0.16,0.197,0.321,0.343,0.262,0.131,0.128,0.292,0.161,0.183,0.298,0.325,0.249,0.121,0.116,0.146,0.14,0.149,0.288,0.335,0.206,0.122,0.122,0.146,0.141,0.148,0.279,0.332,0.2,0.124,0.123,0.149,0.143,0.148,0.274,0.326,0.203,0.121,0.119,0.126,0.13,0.142,0.267,0.186,0.256,0.122,0.119,0.124,0.133,0.148,0.27,0.188,0.25,0.128,0.128,0.138,0.143,0.147,0.265,0.185,0.24,0.244,0.319,0.241,0.146,0.194,0.338,0.23,0.313,0.262,0.335,0.235,0.144,0.185,0.338,0.222,0.298,0.25,0.333,0.228,0.151,0.184,0.338,0.214,0.279,0.251,0.307,0.233,0.147,0.194,0.33,0.193,0.31,0.263,0.308,0.233,0.145,0.186,0.333,0.187,0.299,0.264,0.309,0.226,0.154,0.187,0.325,0.184,0.28,0.292,0.138,0.194,0.141,0.216,0.32,0.126,0.25,0.314,0.136,0.191,0.143,0.21,0.319,0.126,0.238,0.309,0.144,0.189,0.148,0.207,0.314,0.136,0.235,0.317,0.162,0.129,0.139,0.237,0.322,0.127,0.248,0.334,0.162,0.133,0.142,0.239,0.308,0.13,0.251,0.325,0.168,0.143,0.157,0.229,0.315,0.14,0.239,0.323,0.331,0.313,0.338,0.119,0.129,0.349,0.341,0.312,0.342,0.13,0.118,0.348,0.345,0.315,0.352,0.158,0.136,0.122,0.118,0.12,0.12,0.119,0.119,0.333,0.332,0.298,0.331,0.138,0.116,0.345,0.331,0.281,0.331,0.148,0.121,0.348,0.329,0.269,0.325,0.176,0.191,0.12,0.12,0.125,0.119,0.12,0.121,0.237,0.267,0.203,0.326,0.126,0.116,0.231,0.242,0.195,0.327,0.144,0.12,0.226,0.255,0.198,0.32,0.163,0.158,0.121,0.118,0.122,0.119,0.12,0.126,0.159,0.136,0.199,0.322,0.124,0.118,0.157,0.137,0.179,0.316,0.138,0.121,0.162,0.132,0.173,0.308,0.146,0.137,0.12,0.119,0.12,0.12,0.125,0.125
56.1,0.192,0.278,0.252,0.135,0.268,0.121,0.191,0.306,0.202,0.283,0.252,0.135,0.279,0.123,0.194,0.32,0.207,0.273,0.245,0.136,0.264,0.126,0.194,0.308,0.187,0.243,0.2,0.137,0.276,0.128,0.18,0.289,0.211,0.235,0.242,0.134,0.282,0.122,0.183,0.295,0.203,0.238,0.252,0.139,0.269,0.133,0.181,0.297,0.185,0.215,0.229,0.124,0.286,0.124,0.16,0.255,0.206,0.22,0.225,0.126,0.309,0.122,0.166,0.265,0.204,0.213,0.226,0.128,0.293,0.123,0.167,0.245,0.195,0.22,0.226,0.123,0.306,0.123,0.179,0.296,0.218,0.23,0.228,0.126,0.316,0.123,0.176,0.299,0.202,0.221,0.221,0.131,0.305,0.131,0.168,0.264,0.126,0.117,0.319,0.169,0.23,0.321,0.338,0.289,0.129,0.119,0.339,0.169,0.228,0.335,0.341,0.284,0.132,0.126,0.345,0.17,0.219,0.328,0.325,0.271,0.126,0.129,0.322,0.172,0.205,0.326,0.337,0.274,0.127,0.12,0.322,0.163,0.202,0.325,0.345,0.27,0.131,0.127,0.301,0.163,0.187,0.303,0.326,0.255,0.121,0.116,0.148,0.142,0.151,0.295,0.336,0.211,0.122,0.122,0.149,0.142,0.15,0.287,0.334,0.204,0.125,0.123,0.151,0.144,0.15,0.282,0.329,0.206,0.122,0.119,0.126,0.131,0.143,0.274,0.19,0.263,0.123,0.119,0.125,0.134,0.149,0.277,0.193,0.257,0.128,0.128,0.139,0.143,0.148,0.273,0.189,0.247,0.251,0.321,0.247,0.148,0.198,0.339,0.236,0.319,0.269,0.337,0.241,0.146,0.19,0.338,0.228,0.308,0.258,0.336,0.234,0.152,0.188,0.339,0.219,0.289,0.257,0.31,0.239,0.149,0.198,0.332,0.197,0.318,0.271,0.312,0.24,0.147,0.19,0.335,0.191,0.309,0.272,0.314,0.232,0.155,0.19,0.328,0.187,0.29,0.298,0.139,0.198,0.143,0.222,0.323,0.127,0.258,0.32,0.137,0.195,0.144,0.216,0.323,0.127,0.246,0.315,0.145,0.193,0.149,0.212,0.319,0.136,0.243,0.319,0.164,0.13,0.141,0.243,0.325,0.127,0.255,0.336,0.165,0.133,0.143,0.245,0.312,0.13,0.26,0.327,0.17,0.143,0.157,0.235,0.319,0.14,0.246,0.323,0.331,0.317,0.339,0.118,0.134,0.349,0.341,0.316,0.343,0.13,0.118,0.348,0.345,0.321,0.352,0.158,0.136,0.122,0.119,0.12,0.12,0.119,0.119,0.333,0.332,0.303,0.331,0.137,0.116,0.345,0.331,0.289,0.332,0.148,0.12,0.348,0.33,0.276,0.327,0.176,0.19,0.12,0.12,0.124,0.119,0.12,0.121,0.242,0.272,0.209,0.326,0.126,0.116,0.236,0.249,0.2,0.328,0.144,0.12,0.231,0.262,0.203,0.322,0.163,0.159,0.121,0.118,0.122,0.12,0.12,0.126,0.161,0.138,0.203,0.323,0.124,0.118,0.16,0.138,0.183,0.319,0.138,0.121,0.163,0.133,0.177,0.312,0.146,0.136,0.12,0.119,0.12,0.12,0.124,0.125
59.21666667,0.197,0.283,0.259,0.136,0.272,0.121,0.195,0.308,0.208,0.288,0.26,0.136,0.284,0.123,0.199,0.323,0.212,0.279,0.252,0.138,0.269,0.126,0.199,0.311,0.192,0.248,0.205,0.132,0.281,0.128,0.184,0.294,0.217,0.24,0.25,0.135,0.288,0.123,0.187,0.302,0.209,0.243,0.259,0.139,0.274,0.134,0.184,0.301,0.19,0.22,0.235,0.125,0.29,0.124,0.163,0.262,0.212,0.224,0.232,0.126,0.313,0.123,0.168,0.272,0.209,0.218,0.232,0.128,0.298,0.123,0.169,0.251,0.2,0.225,0.231,0.124,0.309,0.123,0.181,0.301,0.224,0.235,0.234,0.126,0.32,0.123,0.178,0.304,0.208,0.226,0.227,0.131,0.309,0.132,0.17,0.271,0.127,0.117,0.319,0.172,0.236,0.322,0.339,0.295,0.13,0.119,0.339,0.172,0.235,0.337,0.341,0.291,0.133,0.126,0.346,0.173,0.225,0.33,0.326,0.279,0.127,0.129,0.324,0.175,0.21,0.328,0.337,0.281,0.127,0.12,0.327,0.166,0.207,0.329,0.346,0.278,0.132,0.127,0.308,0.165,0.191,0.308,0.327,0.263,0.122,0.116,0.151,0.143,0.153,0.301,0.338,0.217,0.122,0.122,0.151,0.144,0.152,0.294,0.336,0.209,0.125,0.123,0.153,0.146,0.151,0.288,0.331,0.21,0.122,0.119,0.126,0.132,0.145,0.281,0.194,0.269,0.123,0.119,0.125,0.135,0.151,0.285,0.197,0.264,0.128,0.128,0.139,0.144,0.149,0.28,0.192,0.252,0.257,0.322,0.253,0.15,0.203,0.339,0.242,0.324,0.276,0.339,0.247,0.147,0.194,0.339,0.234,0.316,0.264,0.338,0.24,0.153,0.192,0.34,0.222,0.299,0.264,0.313,0.244,0.15,0.203,0.333,0.202,0.325,0.278,0.316,0.246,0.148,0.194,0.338,0.196,0.316,0.279,0.318,0.237,0.157,0.194,0.33,0.191,0.3,0.303,0.141,0.203,0.144,0.228,0.326,0.127,0.267,0.324,0.138,0.2,0.146,0.221,0.326,0.127,0.254,0.32,0.146,0.197,0.15,0.217,0.323,0.137,0.25,0.32,0.167,0.131,0.142,0.25,0.328,0.127,0.263,0.336,0.167,0.134,0.145,0.251,0.314,0.13,0.268,0.329,0.173,0.144,0.158,0.241,0.321,0.141,0.253,0.323,0.331,0.32,0.339,0.118,0.131,0.349,0.341,0.319,0.343,0.13,0.118,0.348,0.345,0.325,0.353,0.158,0.135,0.121,0.119,0.12,0.12,0.119,0.119,0.333,0.332,0.307,0.332,0.137,0.116,0.345,0.331,0.296,0.333,0.147,0.12,0.348,0.331,0.284,0.328,0.176,0.19,0.12,0.12,0.122,0.119,0.12,0.121,0.246,0.277,0.214,0.326,0.126,0.116,0.24,0.254,0.205,0.329,0.144,0.12,0.236,0.267,0.208,0.323,0.163,0.158,0.121,0.118,0.122,0.12,0.12,0.126,0.163,0.139,0.207,0.323,0.124,0.118,0.162,0.138,0.186,0.321,0.138,0.121,0.166,0.134,0.18,0.315,0.145,0.136,0.12,0.119,0.12,0.12,0.124,0.125
62.33333333,0.202,0.287,0.264,0.137,0.276,0.122,0.2,0.309,0.214,0.294,0.267,0.137,0.289,0.124,0.204,0.325,0.216,0.285,0.259,0.139,0.274,0.127,0.204,0.313,0.196,0.253,0.21,0.138,0.285,0.128,0.188,0.298,0.223,0.245,0.257,0.136,0.293,0.123,0.19,0.307,0.215,0.248,0.265,0.141,0.278,0.134,0.188,0.305,0.194,0.224,0.241,0.125,0.293,0.124,0.165,0.267,0.218,0.229,0.238,0.127,0.316,0.123,0.171,0.278,0.214,0.222,0.237,0.128,0.301,0.123,0.17,0.258,0.205,0.23,0.236,0.124,0.312,0.124,0.184,0.305,0.23,0.24,0.24,0.127,0.323,0.123,0.181,0.309,0.214,0.231,0.233,0.131,0.312,0.132,0.172,0.277,0.128,0.117,0.319,0.175,0.242,0.323,0.34,0.301,0.131,0.119,0.339,0.175,0.24,0.338,0.341,0.297,0.133,0.126,0.346,0.175,0.231,0.331,0.327,0.285,0.127,0.129,0.325,0.178,0.215,0.33,0.337,0.287,0.128,0.12,0.331,0.169,0.212,0.331,0.346,0.285,0.132,0.13,0.315,0.168,0.195,0.311,0.328,0.269,0.122,0.116,0.153,0.145,0.155,0.306,0.338,0.221,0.123,0.122,0.153,0.145,0.153,0.3,0.338,0.214,0.125,0.123,0.155,0.147,0.153,0.294,0.333,0.215,0.122,0.119,0.127,0.133,0.146,0.286,0.198,0.275,0.124,0.119,0.125,0.136,0.152,0.291,0.201,0.27,0.129,0.128,0.139,0.145,0.151,0.286,0.196,0.258,0.263,0.323,0.259,0.152,0.207,0.34,0.248,0.327,0.282,0.34,0.253,0.149,0.198,0.339,0.24,0.321,0.271,0.34,0.245,0.154,0.196,0.341,0.227,0.307,0.269,0.316,0.249,0.152,0.207,0.334,0.207,0.329,0.284,0.319,0.251,0.15,0.198,0.339,0.2,0.322,0.285,0.322,0.242,0.157,0.197,0.332,0.195,0.308,0.307,0.142,0.207,0.146,0.233,0.328,0.127,0.274,0.327,0.14,0.204,0.147,0.226,0.328,0.127,0.261,0.324,0.147,0.201,0.151,0.222,0.326,0.137,0.257,0.321,0.169,0.131,0.144,0.255,0.33,0.127,0.27,0.337,0.17,0.134,0.146,0.256,0.316,0.13,0.275,0.33,0.175,0.144,0.159,0.246,0.327,0.141,0.26,0.323,0.331,0.323,0.339,0.118,0.135,0.349,0.341,0.322,0.343,0.129,0.118,0.348,0.345,0.328,0.353,0.157,0.135,0.12,0.119,0.12,0.12,0.119,0.119,0.333,0.332,0.31,0.332,0.138,0.116,0.345,0.331,0.302,0.334,0.148,0.12,0.348,0.331,0.29,0.329,0.178,0.189,0.119,0.12,0.12,0.119,0.12,0.121,0.25,0.282,0.219,0.326,0.126,0.116,0.245,0.259,0.209,0.33,0.144,0.12,0.24,0.273,0.213,0.324,0.163,0.157,0.121,0.118,0.122,0.12,0.119,0.126,0.166,0.14,0.211,0.323,0.124,0.118,0.164,0.14,0.19,0.322,0.138,0.121,0.167,0.134,0.184,0.317,0.145,0.136,0.12,0.119,0.12,0.12,0.123,0.125
65.45,0.206,0.291,0.27,0.139,0.28,0.122,0.204,0.311,0.219,0.298,0.273,0.138,0.294,0.124,0.208,0.327,0.221,0.29,0.266,0.14,0.279,0.127,0.209,0.314,0.201,0.258,0.215,0.135,0.29,0.128,0.191,0.302,0.23,0.25,0.263,0.137,0.297,0.123,0.194,0.312,0.22,0.253,0.271,0.141,0.283,0.134,0.191,0.308,0.199,0.228,0.246,0.126,0.296,0.125,0.167,0.272,0.224,0.233,0.243,0.127,0.319,0.123,0.173,0.283,0.22,0.227,0.243,0.129,0.305,0.123,0.173,0.264,0.209,0.234,0.242,0.125,0.314,0.124,0.187,0.309,0.236,0.245,0.245,0.127,0.326,0.124,0.184,0.313,0.219,0.235,0.238,0.132,0.316,0.131,0.174,0.282,0.129,0.117,0.319,0.178,0.247,0.323,0.339,0.305,0.131,0.12,0.34,0.179,0.246,0.339,0.341,0.302,0.133,0.126,0.347,0.178,0.236,0.333,0.328,0.291,0.128,0.129,0.326,0.181,0.22,0.331,0.337,0.293,0.128,0.12,0.334,0.172,0.217,0.333,0.347,0.291,0.132,0.13,0.32,0.17,0.199,0.314,0.329,0.275,0.122,0.116,0.156,0.146,0.157,0.311,0.339,0.226,0.123,0.122,0.155,0.147,0.155,0.306,0.339,0.218,0.125,0.123,0.157,0.148,0.154,0.3,0.334,0.217,0.123,0.119,0.127,0.134,0.148,0.292,0.202,0.281,0.124,0.119,0.126,0.137,0.154,0.297,0.205,0.276,0.129,0.128,0.139,0.145,0.152,0.292,0.199,0.264,0.268,0.324,0.264,0.153,0.211,0.34,0.254,0.329,0.288,0.341,0.258,0.15,0.202,0.339,0.246,0.326,0.277,0.342,0.25,0.155,0.2,0.341,0.232,0.315,0.275,0.317,0.255,0.154,0.211,0.335,0.211,0.331,0.29,0.322,0.257,0.151,0.202,0.34,0.205,0.327,0.291,0.325,0.247,0.159,0.201,0.333,0.198,0.315,0.311,0.144,0.211,0.147,0.238,0.33,0.128,0.281,0.33,0.141,0.208,0.149,0.231,0.33,0.128,0.268,0.328,0.148,0.205,0.152,0.227,0.329,0.137,0.264,0.322,0.172,0.132,0.145,0.261,0.332,0.128,0.276,0.338,0.172,0.135,0.147,0.262,0.318,0.13,0.282,0.33,0.177,0.145,0.16,0.252,0.327,0.141,0.266,0.323,0.331,0.324,0.339,0.118,0.129,0.349,0.341,0.324,0.343,0.129,0.118,0.348,0.345,0.331,0.353,0.157,0.135,0.119,0.119,0.12,0.12,0.119,0.119,0.333,0.333,0.313,0.332,0.137,0.116,0.345,0.332,0.308,0.334,0.148,0.12,0.348,0.331,0.296,0.329,0.176,0.188,0.12,0.12,0.119,0.119,0.12,0.121,0.254,0.285,0.224,0.327,0.126,0.116,0.248,0.264,0.214,0.331,0.144,0.119,0.245,0.277,0.218,0.324,0.163,0.158,0.121,0.118,0.122,0.12,0.119,0.126,0.168,0.141,0.216,0.323,0.124,0.118,0.166,0.141,0.194,0.323,0.138,0.12,0.169,0.136,0.187,0.319,0.145,0.135,0.12,0.119,0.12,0.12,0.123,0.125
68.56666667,0.211,0.295,0.274,0.14,0.284,0.123,0.209,0.312,0.224,0.302,0.279,0.14,0.298,0.125,0.213,0.328,0.225,0.294,0.272,0.141,0.283,0.127,0.214,0.316,0.205,0.262,0.22,0.138,0.293,0.129,0.195,0.305,0.235,0.254,0.269,0.138,0.301,0.123,0.197,0.316,0.225,0.258,0.277,0.142,0.287,0.134,0.194,0.31,0.203,0.232,0.252,0.127,0.298,0.125,0.17,0.277,0.229,0.238,0.249,0.128,0.321,0.123,0.175,0.289,0.224,0.231,0.248,0.129,0.308,0.123,0.175,0.269,0.214,0.238,0.248,0.125,0.316,0.124,0.19,0.312,0.242,0.249,0.251,0.128,0.328,0.124,0.187,0.316,0.225,0.24,0.243,0.132,0.318,0.132,0.175,0.287,0.129,0.118,0.319,0.181,0.253,0.324,0.339,0.309,0.132,0.12,0.34,0.182,0.252,0.339,0.342,0.306,0.134,0.126,0.347,0.181,0.242,0.333,0.328,0.297,0.129,0.13,0.326,0.184,0.224,0.332,0.337,0.298,0.129,0.12,0.336,0.175,0.222,0.335,0.347,0.297,0.133,0.127,0.324,0.172,0.203,0.317,0.329,0.28,0.123,0.116,0.158,0.148,0.159,0.315,0.339,0.231,0.123,0.122,0.157,0.149,0.157,0.31,0.339,0.223,0.126,0.122,0.158,0.149,0.156,0.305,0.335,0.221,0.123,0.119,0.127,0.135,0.149,0.296,0.205,0.286,0.124,0.118,0.126,0.137,0.155,0.303,0.209,0.281,0.129,0.128,0.139,0.145,0.153,0.297,0.201,0.269,0.273,0.324,0.268,0.155,0.215,0.34,0.26,0.331,0.293,0.342,0.262,0.152,0.205,0.339,0.251,0.329,0.283,0.343,0.255,0.156,0.204,0.341,0.237,0.32,0.28,0.319,0.259,0.155,0.215,0.336,0.216,0.333,0.295,0.323,0.262,0.152,0.206,0.341,0.209,0.33,0.297,0.327,0.252,0.16,0.204,0.334,0.201,0.32,0.313,0.145,0.215,0.149,0.243,0.332,0.129,0.288,0.332,0.142,0.212,0.15,0.236,0.331,0.128,0.275,0.33,0.149,0.209,0.153,0.232,0.331,0.137,0.271,0.322,0.174,0.133,0.146,0.267,0.334,0.128,0.282,0.338,0.175,0.136,0.149,0.266,0.319,0.13,0.289,0.331,0.179,0.145,0.161,0.257,0.329,0.14,0.272,0.323,0.331,0.326,0.339,0.118,0.133,0.348,0.341,0.325,0.343,0.13,0.117,0.348,0.345,0.332,0.353,0.157,0.135,0.119,0.118,0.12,0.12,0.119,0.119,0.333,0.332,0.315,0.332,0.137,0.115,0.344,0.331,0.312,0.335,0.147,0.12,0.348,0.332,0.301,0.33,0.176,0.188,0.12,0.12,0.119,0.118,0.12,0.121,0.257,0.289,0.228,0.327,0.126,0.116,0.252,0.268,0.219,0.331,0.143,0.119,0.249,0.281,0.222,0.325,0.163,0.157,0.121,0.118,0.122,0.12,0.119,0.126,0.17,0.142,0.22,0.323,0.124,0.117,0.168,0.141,0.197,0.324,0.138,0.12,0.17,0.136,0.191,0.321,0.144,0.135,0.12,0.119,0.12,0.12,0.122,0.125
71.68333333,0.216,0.298,0.279,0.141,0.286,0.123,0.213,0.313,0.23,0.305,0.285,0.141,0.302,0.125,0.217,0.329,0.23,0.299,0.277,0.142,0.287,0.127,0.219,0.317,0.21,0.267,0.225,0.14,0.297,0.129,0.198,0.308,0.241,0.259,0.275,0.139,0.305,0.124,0.2,0.319,0.231,0.262,0.282,0.143,0.29,0.134,0.197,0.312,0.208,0.236,0.257,0.127,0.3,0.125,0.172,0.281,0.235,0.242,0.254,0.129,0.323,0.123,0.178,0.294,0.229,0.235,0.253,0.13,0.31,0.123,0.18,0.275,0.219,0.243,0.252,0.126,0.318,0.125,0.193,0.315,0.247,0.254,0.256,0.128,0.329,0.124,0.189,0.32,0.23,0.244,0.248,0.132,0.321,0.132,0.177,0.292,0.13,0.118,0.319,0.184,0.258,0.324,0.339,0.311,0.133,0.12,0.34,0.185,0.257,0.34,0.342,0.309,0.134,0.126,0.347,0.183,0.247,0.334,0.328,0.301,0.129,0.13,0.327,0.187,0.229,0.333,0.337,0.302,0.13,0.121,0.337,0.177,0.226,0.336,0.348,0.302,0.133,0.127,0.328,0.174,0.207,0.319,0.329,0.285,0.123,0.116,0.161,0.149,0.161,0.319,0.339,0.235,0.124,0.122,0.16,0.15,0.159,0.315,0.34,0.227,0.126,0.123,0.16,0.151,0.158,0.309,0.336,0.225,0.123,0.119,0.127,0.136,0.15,0.301,0.209,0.29,0.125,0.119,0.126,0.138,0.156,0.307,0.213,0.286,0.129,0.128,0.14,0.146,0.155,0.302,0.204,0.274,0.278,0.325,0.273,0.157,0.219,0.34,0.265,0.332,0.298,0.342,0.267,0.153,0.209,0.339,0.257,0.331,0.288,0.343,0.26,0.158,0.207,0.341,0.242,0.325,0.284,0.32,0.264,0.157,0.219,0.336,0.22,0.335,0.301,0.325,0.267,0.154,0.21,0.342,0.213,0.332,0.303,0.329,0.257,0.161,0.208,0.335,0.205,0.324,0.316,0.146,0.219,0.15,0.248,0.333,0.129,0.294,0.334,0.143,0.216,0.151,0.241,0.333,0.129,0.282,0.333,0.15,0.212,0.154,0.236,0.333,0.137,0.277,0.323,0.176,0.133,0.148,0.272,0.335,0.128,0.287,0.338,0.177,0.136,0.15,0.271,0.32,0.13,0.294,0.331,0.182,0.146,0.162,0.262,0.33,0.14,0.278,0.323,0.331,0.327,0.339,0.118,0.131,0.349,0.341,0.326,0.343,0.129,0.117,0.348,0.345,0.334,0.354,0.157,0.134,0.119,0.118,0.12,0.12,0.119,0.119,0.333,0.333,0.316,0.332,0.137,0.115,0.345,0.332,0.316,0.335,0.148,0.12,0.348,0.332,0.305,0.33,0.178,0.188,0.12,0.12,0.119,0.118,0.12,0.121,0.26,0.292,0.233,0.327,0.125,0.116,0.255,0.271,0.223,0.332,0.143,0.119,0.253,0.285,0.227,0.325,0.162,0.157,0.121,0.118,0.122,0.12,0.119,0.126,0.172,0.143,0.224,0.323,0.124,0.118,0.17,0.142,0.201,0.324,0.138,0.12,0.172,0.137,0.194,0.322,0.144,0.137,0.12,0.119,0.12,0.12,0.122,0.125
74.8,0.22,0.3,0.282,0.142,0.289,0.123,0.217,0.313,0.235,0.308,0.29,0.142,0.305,0.125,0.222,0.33,0.234,0.302,0.282,0.143,0.29,0.128,0.223,0.317,0.214,0.27,0.23,0.137,0.3,0.129,0.202,0.31,0.247,0.263,0.28,0.14,0.308,0.124,0.203,0.322,0.236,0.266,0.286,0.144,0.293,0.134,0.2,0.314,0.212,0.24,0.261,0.128,0.302,0.125,0.174,0.285,0.24,0.246,0.259,0.129,0.325,0.124,0.18,0.298,0.234,0.238,0.257,0.13,0.312,0.123,0.182,0.28,0.223,0.247,0.257,0.126,0.319,0.125,0.195,0.317,0.253,0.258,0.26,0.128,0.331,0.124,0.192,0.322,0.235,0.249,0.253,0.132,0.323,0.132,0.178,0.296,0.131,0.118,0.319,0.187,0.262,0.324,0.339,0.313,0.134,0.12,0.34,0.188,0.262,0.34,0.342,0.312,0.135,0.126,0.347,0.186,0.252,0.334,0.328,0.306,0.13,0.129,0.327,0.19,0.233,0.334,0.337,0.305,0.13,0.121,0.339,0.18,0.231,0.337,0.348,0.306,0.134,0.127,0.33,0.176,0.211,0.321,0.33,0.289,0.123,0.116,0.163,0.151,0.162,0.321,0.339,0.239,0.124,0.122,0.162,0.152,0.16,0.318,0.34,0.231,0.126,0.122,0.162,0.152,0.159,0.312,0.336,0.228,0.124,0.119,0.127,0.136,0.152,0.304,0.212,0.294,0.125,0.118,0.126,0.139,0.158,0.312,0.216,0.29,0.129,0.127,0.14,0.147,0.156,0.306,0.207,0.278,0.282,0.325,0.277,0.158,0.223,0.34,0.27,0.332,0.302,0.343,0.271,0.155,0.213,0.339,0.262,0.332,0.293,0.344,0.264,0.158,0.211,0.341,0.246,0.328,0.288,0.321,0.268,0.158,0.222,0.336,0.224,0.335,0.305,0.327,0.271,0.155,0.213,0.342,0.218,0.333,0.308,0.33,0.261,0.161,0.211,0.336,0.208,0.328,0.318,0.147,0.223,0.151,0.253,0.333,0.129,0.299,0.335,0.145,0.22,0.153,0.245,0.333,0.129,0.287,0.334,0.151,0.216,0.154,0.241,0.334,0.137,0.283,0.323,0.178,0.134,0.149,0.277,0.335,0.128,0.292,0.338,0.179,0.137,0.151,0.275,0.321,0.13,0.299,0.331,0.184,0.146,0.162,0.267,0.332,0.14,0.283,0.322,0.33,0.327,0.339,0.118,0.128,0.348,0.341,0.327,0.343,0.129,0.117,0.348,0.345,0.335,0.354,0.157,0.134,0.119,0.118,0.12,0.119,0.119,0.119,0.333,0.332,0.317,0.332,0.137,0.115,0.344,0.331,0.319,0.335,0.147,0.12,0.348,0.332,0.308,0.33,0.177,0.187,0.119,0.12,0.119,0.118,0.119,0.121,0.263,0.294,0.237,0.327,0.125,0.116,0.258,0.274,0.227,0.332,0.143,0.119,0.256,0.288,0.231,0.325,0.162,0.156,0.121,0.118,0.122,0.119,0.119,0.126,0.174,0.144,0.228,0.323,0.123,0.117,0.172,0.143,0.204,0.324,0.137,0.12,0.174,0.138,0.198,0.322,0.144,0.134,0.12,0.119,0.12,0.12,0.121,0.125
77.91666667,0.225,0.302,0.285,0.143,0.291,0.124,0.221,0.314,0.24,0.311,0.294,0.143,0.308,0.126,0.226,0.33,0.239,0.305,0.287,0.144,0.293,0.128,0.228,0.318,0.219,0.274,0.234,0.138,0.303,0.129,0.205,0.312,0.252,0.267,0.285,0.141,0.311,0.124,0.207,0.325,0.241,0.27,0.29,0.145,0.296,0.135,0.203,0.315,0.216,0.244,0.265,0.128,0.304,0.126,0.176,0.288,0.245,0.249,0.264,0.13,0.326,0.124,0.182,0.302,0.239,0.242,0.262,0.131,0.314,0.124,0.182,0.284,0.227,0.25,0.261,0.126,0.32,0.125,0.198,0.319,0.258,0.262,0.265,0.129,0.332,0.125,0.195,0.325,0.24,0.253,0.257,0.133,0.325,0.132,0.179,0.3,0.131,0.118,0.319,0.19,0.267,0.324,0.342,0.315,0.134,0.12,0.34,0.191,0.266,0.341,0.342,0.315,0.135,0.126,0.347,0.189,0.256,0.335,0.329,0.31,0.131,0.13,0.327,0.193,0.237,0.334,0.337,0.308,0.131,0.121,0.339,0.183,0.235,0.338,0.348,0.31,0.134,0.126,0.332,0.179,0.215,0.322,0.33,0.293,0.124,0.116,0.166,0.152,0.164,0.324,0.339,0.243,0.125,0.122,0.164,0.154,0.162,0.322,0.341,0.235,0.126,0.122,0.164,0.153,0.161,0.315,0.337,0.232,0.124,0.119,0.128,0.137,0.153,0.307,0.215,0.298,0.125,0.118,0.127,0.14,0.159,0.315,0.22,0.294,0.13,0.127,0.14,0.147,0.157,0.31,0.21,0.283,0.286,0.325,0.281,0.16,0.227,0.34,0.275,0.333,0.306,0.343,0.275,0.156,0.217,0.339,0.267,0.333,0.298,0.345,0.269,0.16,0.215,0.342,0.251,0.331,0.293,0.322,0.272,0.159,0.226,0.337,0.229,0.336,0.31,0.328,0.275,0.156,0.217,0.343,0.222,0.334,0.312,0.332,0.265,0.163,0.215,0.336,0.212,0.33,0.32,0.149,0.226,0.153,0.258,0.334,0.13,0.304,0.336,0.146,0.224,0.154,0.25,0.334,0.13,0.293,0.336,0.152,0.22,0.156,0.245,0.335,0.137,0.288,0.323,0.181,0.135,0.15,0.281,0.336,0.128,0.296,0.339,0.182,0.138,0.152,0.279,0.322,0.13,0.304,0.332,0.186,0.147,0.163,0.272,0.333,0.14,0.288,0.322,0.331,0.328,0.339,0.118,0.131,0.348,0.341,0.327,0.343,0.129,0.117,0.348,0.345,0.336,0.354,0.157,0.134,0.119,0.119,0.12,0.12,0.119,0.119,0.333,0.333,0.318,0.332,0.137,0.115,0.345,0.332,0.322,0.335,0.148,0.12,0.348,0.332,0.311,0.331,0.178,0.189,0.119,0.12,0.119,0.119,0.12,0.121,0.266,0.297,0.241,0.327,0.125,0.116,0.261,0.277,0.231,0.332,0.143,0.119,0.259,0.292,0.235,0.325,0.163,0.157,0.121,0.118,0.122,0.119,0.119,0.126,0.176,0.146,0.232,0.323,0.123,0.117,0.174,0.144,0.208,0.325,0.137,0.119,0.176,0.139,0.201,0.323,0.144,0.134,0.12,0.119,0.12,0.12,0.121,0.125
81.03333333,0.229,0.304,0.288,0.144,0.294,0.124,0.226,0.314,0.245,0.313,0.298,0.144,0.311,0.126,0.231,0.331,0.244,0.308,0.291,0.145,0.296,0.128,0.232,0.318,0.223,0.278,0.239,0.142,0.305,0.13,0.209,0.314,0.258,0.27,0.289,0.142,0.314,0.125,0.21,0.327,0.246,0.273,0.294,0.146,0.298,0.135,0.207,0.316,0.22,0.247,0.269,0.129,0.305,0.126,0.178,0.292,0.25,0.253,0.268,0.13,0.328,0.124,0.185,0.306,0.244,0.246,0.266,0.131,0.316,0.124,0.182,0.288,0.231,0.254,0.264,0.127,0.321,0.125,0.2,0.321,0.262,0.266,0.269,0.13,0.333,0.125,0.197,0.327,0.245,0.257,0.262,0.133,0.326,0.133,0.182,0.303,0.132,0.118,0.319,0.193,0.271,0.324,0.339,0.316,0.135,0.12,0.34,0.194,0.27,0.341,0.342,0.316,0.136,0.126,0.348,0.192,0.261,0.335,0.329,0.312,0.131,0.13,0.327,0.196,0.241,0.335,0.337,0.311,0.132,0.121,0.34,0.186,0.239,0.338,0.348,0.313,0.134,0.126,0.334,0.181,0.219,0.323,0.33,0.296,0.124,0.116,0.168,0.154,0.166,0.326,0.34,0.248,0.125,0.122,0.166,0.155,0.164,0.324,0.341,0.239,0.127,0.122,0.165,0.155,0.162,0.318,0.337,0.235,0.125,0.119,0.128,0.138,0.155,0.31,0.218,0.301,0.126,0.119,0.127,0.141,0.16,0.319,0.223,0.298,0.13,0.127,0.141,0.149,0.158,0.314,0.214,0.286,0.29,0.326,0.284,0.161,0.231,0.34,0.279,0.333,0.31,0.343,0.279,0.158,0.22,0.339,0.272,0.334,0.302,0.345,0.272,0.161,0.218,0.342,0.256,0.333,0.296,0.323,0.275,0.161,0.23,0.337,0.233,0.336,0.314,0.329,0.279,0.158,0.221,0.343,0.226,0.335,0.317,0.333,0.269,0.164,0.218,0.337,0.215,0.332,0.321,0.15,0.23,0.154,0.262,0.334,0.131,0.309,0.337,0.147,0.227,0.156,0.254,0.335,0.13,0.298,0.337,0.153,0.223,0.157,0.25,0.336,0.138,0.293,0.323,0.183,0.136,0.152,0.285,0.336,0.128,0.3,0.339,0.184,0.138,0.154,0.282,0.322,0.13,0.309,0.332,0.188,0.148,0.164,0.276,0.333,0.14,0.292,0.322,0.331,0.328,0.339,0.118,0.13,0.348,0.341,0.328,0.343,0.129,0.117,0.348,0.345,0.336,0.354,0.156,0.133,0.119,0.118,0.12,0.12,0.119,0.119,0.332,0.332,0.319,0.332,0.136,0.115,0.344,0.332,0.324,0.336,0.148,0.12,0.348,0.332,0.314,0.331,0.177,0.188,0.12,0.12,0.119,0.118,0.119,0.121,0.268,0.299,0.245,0.327,0.125,0.116,0.264,0.28,0.235,0.332,0.144,0.119,0.262,0.295,0.239,0.326,0.163,0.156,0.121,0.118,0.122,0.12,0.119,0.126,0.178,0.147,0.235,0.323,0.123,0.117,0.176,0.145,0.211,0.325,0.138,0.12,0.177,0.14,0.204,0.324,0.144,0.136,0.12,0.119,0.12,0.12,0.12,0.125
84.15,0.233,0.305,0.291,0.145,0.296,0.125,0.23,0.315,0.25,0.315,0.302,0.145,0.314,0.127,0.235,0.331,0.249,0.311,0.295,0.147,0.298,0.129,0.237,0.319,0.227,0.281,0.243,0.144,0.308,0.13,0.212,0.315,0.263,0.274,0.293,0.143,0.316,0.125,0.213,0.329,0.251,0.277,0.297,0.147,0.301,0.135,0.21,0.317,0.225,0.251,0.273,0.129,0.306,0.127,0.181,0.294,0.255,0.257,0.272,0.131,0.329,0.125,0.187,0.309,0.248,0.25,0.27,0.132,0.317,0.124,0.189,0.292,0.235,0.258,0.269,0.127,0.322,0.126,0.203,0.323,0.267,0.27,0.273,0.13,0.334,0.125,0.2,0.329,0.25,0.261,0.266,0.136,0.328,0.132,0.183,0.307,0.133,0.118,0.319,0.196,0.275,0.324,0.34,0.317,0.136,0.12,0.34,0.197,0.275,0.341,0.342,0.318,0.137,0.126,0.348,0.194,0.265,0.335,0.329,0.315,0.132,0.13,0.328,0.199,0.245,0.335,0.337,0.313,0.132,0.121,0.341,0.189,0.243,0.339,0.348,0.316,0.135,0.127,0.335,0.184,0.223,0.324,0.33,0.299,0.125,0.116,0.17,0.156,0.168,0.327,0.34,0.251,0.126,0.123,0.169,0.157,0.166,0.327,0.341,0.243,0.127,0.123,0.167,0.156,0.164,0.32,0.337,0.238,0.125,0.119,0.129,0.139,0.156,0.312,0.222,0.303,0.126,0.119,0.127,0.142,0.162,0.321,0.227,0.301,0.13,0.128,0.141,0.149,0.16,0.316,0.216,0.29,0.294,0.326,0.287,0.163,0.234,0.34,0.284,0.333,0.313,0.344,0.282,0.16,0.224,0.339,0.277,0.334,0.306,0.345,0.276,0.162,0.222,0.342,0.26,0.334,0.299,0.323,0.279,0.163,0.233,0.337,0.237,0.337,0.317,0.33,0.283,0.159,0.224,0.343,0.23,0.336,0.321,0.334,0.273,0.165,0.222,0.337,0.219,0.334,0.322,0.152,0.233,0.156,0.266,0.335,0.131,0.313,0.338,0.149,0.231,0.157,0.259,0.335,0.131,0.303,0.338,0.155,0.227,0.158,0.254,0.336,0.138,0.298,0.323,0.185,0.136,0.153,0.29,0.337,0.129,0.303,0.339,0.187,0.139,0.155,0.286,0.322,0.131,0.312,0.332,0.19,0.148,0.166,0.28,0.334,0.14,0.296,0.323,0.331,0.329,0.34,0.118,0.13,0.348,0.341,0.328,0.343,0.13,0.117,0.348,0.345,0.337,0.354,0.157,0.133,0.119,0.118,0.12,0.12,0.119,0.119,0.333,0.333,0.319,0.332,0.137,0.115,0.345,0.332,0.326,0.336,0.148,0.12,0.348,0.332,0.316,0.331,0.178,0.188,0.12,0.12,0.119,0.119,0.12,0.121,0.271,0.301,0.249,0.327,0.125,0.116,0.266,0.282,0.239,0.333,0.144,0.119,0.265,0.297,0.243,0.326,0.162,0.157,0.121,0.118,0.122,0.12,0.119,0.126,0.18,0.148,0.239,0.323,0.123,0.118,0.179,0.146,0.215,0.325,0.137,0.12,0.179,0.141,0.208,0.324,0.144,0.135,0.12,0.119,0.12,0.12,0.12,0.125
87.26666667,0.237,0.307,0.293,0.147,0.297,0.125,0.234,0.315,0.254,0.316,0.305,0.147,0.316,0.127,0.239,0.332,0.253,0.313,0.298,0.148,0.3,0.129,0.242,0.319,0.231,0.284,0.248,0.143,0.31,0.13,0.215,0.316,0.268,0.277,0.296,0.144,0.318,0.125,0.217,0.33,0.256,0.28,0.3,0.148,0.303,0.135,0.213,0.318,0.229,0.254,0.277,0.13,0.308,0.127,0.183,0.297,0.26,0.26,0.276,0.132,0.33,0.125,0.189,0.312,0.253,0.253,0.274,0.132,0.318,0.124,0.19,0.296,0.239,0.261,0.271,0.128,0.323,0.126,0.205,0.324,0.272,0.273,0.277,0.131,0.335,0.126,0.203,0.33,0.255,0.264,0.27,0.137,0.329,0.133,0.185,0.31,0.133,0.118,0.319,0.198,0.279,0.324,0.34,0.318,0.137,0.12,0.34,0.2,0.279,0.341,0.342,0.319,0.137,0.127,0.348,0.197,0.269,0.336,0.329,0.317,0.133,0.13,0.328,0.201,0.249,0.335,0.337,0.314,0.133,0.121,0.341,0.191,0.247,0.34,0.348,0.318,0.135,0.127,0.336,0.186,0.226,0.325,0.33,0.302,0.125,0.116,0.172,0.157,0.169,0.329,0.34,0.255,0.126,0.122,0.171,0.159,0.167,0.329,0.341,0.247,0.128,0.122,0.169,0.158,0.165,0.322,0.337,0.242,0.125,0.119,0.129,0.14,0.158,0.314,0.225,0.306,0.127,0.119,0.128,0.142,0.163,0.324,0.23,0.304,0.131,0.127,0.14,0.15,0.161,0.319,0.219,0.294,0.297,0.326,0.29,0.165,0.238,0.34,0.288,0.333,0.315,0.344,0.285,0.161,0.227,0.339,0.281,0.335,0.31,0.346,0.28,0.164,0.225,0.342,0.265,0.335,0.302,0.324,0.282,0.164,0.236,0.337,0.241,0.337,0.32,0.33,0.287,0.161,0.228,0.344,0.234,0.336,0.324,0.335,0.276,0.166,0.225,0.338,0.222,0.335,0.323,0.153,0.236,0.157,0.27,0.335,0.132,0.316,0.338,0.15,0.234,0.158,0.263,0.335,0.131,0.307,0.339,0.155,0.23,0.159,0.258,0.337,0.139,0.302,0.323,0.187,0.137,0.155,0.293,0.337,0.129,0.306,0.339,0.189,0.14,0.156,0.289,0.323,0.131,0.315,0.332,0.192,0.149,0.166,0.284,0.334,0.14,0.3,0.322,0.33,0.329,0.339,0.118,0.126,0.348,0.341,0.328,0.343,0.129,0.117,0.348,0.345,0.337,0.354,0.157,0.133,0.119,0.118,0.12,0.12,0.119,0.119,0.332,0.332,0.32,0.332,0.137,0.115,0.344,0.332,0.327,0.336,0.148,0.12,0.348,0.332,0.318,0.331,0.178,0.187,0.12,0.12,0.119,0.119,0.12,0.121,0.273,0.302,0.252,0.327,0.125,0.116,0.268,0.285,0.243,0.333,0.144,0.118,0.268,0.299,0.247,0.326,0.163,0.156,0.121,0.118,0.122,0.12,0.119,0.126,0.182,0.149,0.243,0.323,0.123,0.117,0.181,0.147,0.218,0.325,0.138,0.12,0.181,0.141,0.211,0.324,0.144,0.134,0.12,0.119,0.12,0.12,0.12,0.125
90.38333333,0.241,0.308,0.295,0.148,0.299,0.126,0.237,0.315,0.259,0.318,0.308,0.148,0.318,0.127,0.243,0.332,0.257,0.314,0.301,0.149,0.303,0.13,0.245,0.319,0.235,0.286,0.252,0.144,0.312,0.131,0.219,0.317,0.272,0.28,0.298,0.145,0.32,0.126,0.22,0.331,0.26,0.282,0.302,0.149,0.305,0.135,0.216,0.319,0.233,0.257,0.28,0.13,0.308,0.127,0.185,0.299,0.264,0.263,0.28,0.132,0.331,0.125,0.191,0.315,0.257,0.256,0.277,0.133,0.319,0.125,0.187,0.299,0.243,0.264,0.274,0.128,0.324,0.126,0.208,0.325,0.276,0.277,0.28,0.131,0.336,0.126,0.205,0.331,0.259,0.268,0.274,0.137,0.33,0.133,0.187,0.312,0.134,0.119,0.319,0.201,0.282,0.324,0.34,0.319,0.138,0.121,0.34,0.202,0.282,0.341,0.342,0.32,0.138,0.126,0.348,0.2,0.273,0.336,0.329,0.319,0.133,0.13,0.328,0.204,0.252,0.335,0.337,0.316,0.134,0.121,0.341,0.194,0.251,0.34,0.348,0.32,0.136,0.127,0.337,0.188,0.23,0.325,0.33,0.304,0.125,0.116,0.175,0.159,0.171,0.33,0.34,0.259,0.127,0.122,0.173,0.161,0.169,0.33,0.341,0.251,0.128,0.122,0.171,0.159,0.167,0.324,0.337,0.245,0.126,0.119,0.129,0.141,0.159,0.316,0.227,0.308,0.127,0.119,0.128,0.143,0.165,0.326,0.233,0.306,0.131,0.127,0.141,0.151,0.162,0.321,0.222,0.296,0.3,0.326,0.293,0.166,0.241,0.34,0.292,0.333,0.318,0.344,0.289,0.162,0.23,0.339,0.285,0.335,0.314,0.346,0.283,0.165,0.228,0.342,0.269,0.336,0.305,0.324,0.285,0.166,0.24,0.337,0.245,0.337,0.323,0.331,0.29,0.162,0.231,0.344,0.238,0.337,0.327,0.335,0.28,0.168,0.228,0.338,0.226,0.336,0.324,0.155,0.239,0.159,0.274,0.335,0.132,0.319,0.339,0.151,0.237,0.16,0.267,0.336,0.132,0.31,0.339,0.157,0.233,0.16,0.262,0.337,0.138,0.306,0.323,0.189,0.138,0.156,0.297,0.337,0.129,0.308,0.339,0.191,0.141,0.158,0.291,0.323,0.131,0.318,0.332,0.195,0.149,0.168,0.288,0.335,0.14,0.303,0.322,0.331,0.329,0.34,0.118,0.132,0.348,0.341,0.328,0.343,0.129,0.117,0.348,0.345,0.337,0.354,0.157,0.132,0.119,0.119,0.12,0.12,0.119,0.119,0.332,0.333,0.32,0.332,0.137,0.115,0.344,0.332,0.328,0.336,0.148,0.12,0.348,0.332,0.319,0.331,0.179,0.187,0.12,0.12,0.119,0.119,0.12,0.121,0.275,0.304,0.256,0.327,0.125,0.116,0.27,0.286,0.247,0.333,0.144,0.119,0.271,0.301,0.251,0.326,0.163,0.157,0.121,0.118,0.122,0.12,0.119,0.126,0.184,0.15,0.246,0.323,0.123,0.117,0.183,0.148,0.221,0.325,0.137,0.12,0.183,0.142,0.214,0.325,0.145,0.134,0.12,0.119,0.12,0.12,0.12,0.125
93.5,0.245,0.309,0.296,0.149,0.3,0.126,0.241,0.315,0.263,0.318,0.31,0.149,0.32,0.128,0.248,0.332,0.262,0.316,0.304,0.15,0.304,0.13,0.25,0.319,0.239,0.289,0.256,0.143,0.314,0.131,0.221,0.318,0.276,0.282,0.301,0.146,0.322,0.126,0.223,0.332,0.265,0.285,0.304,0.15,0.306,0.136,0.219,0.319,0.236,0.261,0.283,0.131,0.309,0.128,0.187,0.301,0.268,0.266,0.283,0.133,0.332,0.126,0.194,0.317,0.261,0.259,0.28,0.133,0.32,0.125,0.191,0.302,0.247,0.267,0.278,0.129,0.324,0.127,0.21,0.326,0.279,0.28,0.283,0.131,0.336,0.126,0.207,0.333,0.263,0.271,0.277,0.138,0.331,0.133,0.189,0.315,0.135,0.119,0.319,0.204,0.285,0.324,0.342,0.319,0.139,0.121,0.34,0.205,0.286,0.341,0.342,0.321,0.138,0.127,0.348,0.202,0.276,0.336,0.33,0.32,0.134,0.13,0.328,0.206,0.256,0.335,0.337,0.316,0.134,0.121,0.342,0.196,0.255,0.34,0.348,0.321,0.136,0.126,0.338,0.191,0.233,0.326,0.33,0.306,0.126,0.116,0.177,0.16,0.173,0.331,0.34,0.262,0.127,0.122,0.175,0.162,0.171,0.332,0.341,0.254,0.128,0.122,0.172,0.16,0.168,0.325,0.337,0.248,0.126,0.119,0.13,0.142,0.161,0.317,0.23,0.31,0.127,0.119,0.129,0.144,0.166,0.328,0.235,0.308,0.131,0.127,0.141,0.151,0.163,0.322,0.224,0.299,0.302,0.326,0.296,0.167,0.245,0.34,0.295,0.334,0.32,0.344,0.291,0.164,0.233,0.339,0.289,0.335,0.317,0.346,0.286,0.165,0.232,0.342,0.273,0.336,0.307,0.324,0.288,0.167,0.243,0.337,0.249,0.337,0.325,0.331,0.293,0.164,0.234,0.344,0.242,0.337,0.33,0.336,0.282,0.169,0.232,0.338,0.229,0.336,0.324,0.156,0.242,0.16,0.278,0.336,0.133,0.321,0.339,0.152,0.24,0.161,0.27,0.336,0.132,0.314,0.34,0.157,0.236,0.161,0.266,0.338,0.139,0.31,0.323,0.191,0.138,0.157,0.3,0.337,0.129,0.31,0.339,0.193,0.141,0.159,0.294,0.323,0.131,0.321,0.332,0.197,0.149,0.169,0.291,0.334,0.14,0.305,0.322,0.33,0.329,0.34,0.118,0.131,0.348,0.341,0.329,0.343,0.129,0.117,0.348,0.345,0.337,0.354,0.157,0.132,0.119,0.118,0.12,0.12,0.119,0.119,0.332,0.333,0.32,0.332,0.137,0.115,0.344,0.332,0.329,0.336,0.147,0.12,0.348,0.332,0.32,0.331,0.178,0.187,0.12,0.12,0.119,0.119,0.119,0.121,0.277,0.305,0.259,0.327,0.124,0.116,0.272,0.288,0.25,0.333,0.144,0.119,0.273,0.303,0.254,0.326,0.163,0.156,0.121,0.118,0.122,0.12,0.119,0.126,0.186,0.152,0.249,0.323,0.123,0.117,0.185,0.149,0.224,0.325,0.137,0.119,0.185,0.143,0.217,0.325,0.144,0.135,0.12,0.119,0.12,0.12,0.119,0.125
96.61666667,0.248,0.309,0.297,0.15,0.301,0.126,0.245,0.315,0.268,0.319,0.313,0.15,0.321,0.128,0.251,0.332,0.266,0.317,0.306,0.151,0.306,0.13,0.254,0.319,0.243,0.291,0.259,0.143,0.315,0.131,0.225,0.319,0.281,0.285,0.303,0.147,0.323,0.126,0.226,0.333,0.269,0.288,0.306,0.151,0.308,0.136,0.222,0.319,0.24,0.263,0.286,0.131,0.31,0.128,0.189,0.303,0.272,0.269,0.286,0.133,0.332,0.126,0.196,0.319,0.265,0.262,0.283,0.134,0.321,0.125,0.191,0.305,0.25,0.27,0.28,0.129,0.324,0.127,0.212,0.327,0.283,0.283,0.286,0.132,0.337,0.126,0.21,0.334,0.267,0.274,0.28,0.138,0.332,0.133,0.19,0.317,0.135,0.119,0.319,0.206,0.288,0.324,0.339,0.32,0.139,0.121,0.34,0.207,0.289,0.341,0.342,0.321,0.139,0.126,0.347,0.205,0.279,0.336,0.33,0.321,0.134,0.13,0.328,0.209,0.259,0.335,0.337,0.317,0.135,0.121,0.342,0.199,0.258,0.34,0.348,0.323,0.137,0.127,0.338,0.193,0.237,0.326,0.33,0.307,0.126,0.116,0.179,0.162,0.174,0.331,0.34,0.265,0.127,0.122,0.177,0.164,0.172,0.332,0.341,0.257,0.129,0.122,0.174,0.162,0.17,0.326,0.337,0.251,0.126,0.119,0.13,0.142,0.162,0.318,0.233,0.311,0.128,0.118,0.129,0.145,0.168,0.329,0.238,0.31,0.132,0.127,0.141,0.152,0.165,0.324,0.227,0.301,0.304,0.326,0.298,0.169,0.248,0.34,0.299,0.334,0.322,0.344,0.293,0.165,0.236,0.339,0.293,0.335,0.319,0.346,0.289,0.167,0.235,0.342,0.276,0.336,0.309,0.325,0.29,0.168,0.246,0.337,0.252,0.337,0.327,0.331,0.295,0.165,0.237,0.344,0.245,0.337,0.332,0.336,0.285,0.17,0.234,0.338,0.232,0.337,0.325,0.157,0.245,0.161,0.281,0.335,0.133,0.323,0.339,0.154,0.243,0.162,0.274,0.336,0.133,0.317,0.34,0.159,0.239,0.162,0.269,0.338,0.139,0.312,0.323,0.193,0.139,0.159,0.303,0.337,0.129,0.312,0.339,0.195,0.142,0.16,0.296,0.323,0.131,0.323,0.332,0.199,0.15,0.169,0.294,0.334,0.14,0.308,0.322,0.33,0.329,0.339,0.118,0.132,0.348,0.341,0.329,0.343,0.129,0.117,0.348,0.345,0.337,0.354,0.158,0.132,0.119,0.118,0.12,0.119,0.119,0.119,0.332,0.332,0.32,0.332,0.137,0.115,0.344,0.332,0.33,0.336,0.148,0.119,0.348,0.332,0.321,0.331,0.178,0.187,0.12,0.12,0.119,0.118,0.119,0.121,0.278,0.306,0.262,0.327,0.124,0.116,0.274,0.29,0.253,0.333,0.143,0.118,0.275,0.305,0.257,0.326,0.163,0.157,0.121,0.118,0.122,0.12,0.119,0.126,0.188,0.153,0.252,0.323,0.123,0.117,0.186,0.149,0.227,0.325,0.137,0.119,0.186,0.144,0.22,0.325,0.144,0.134,0.12,0.119,0.12,0.12,0.119,0.125
99.73333333,0.252,0.31,0.298,0.151,0.302,0.127,0.248,0.315,0.271,0.32,0.314,0.151,0.323,0.128,0.255,0.332,0.27,0.318,0.308,0.152,0.307,0.131,0.258,0.32,0.247,0.294,0.263,0.144,0.316,0.132,0.227,0.319,0.284,0.287,0.305,0.148,0.325,0.127,0.229,0.334,0.272,0.29,0.307,0.152,0.309,0.136,0.225,0.32,0.243,0.266,0.288,0.132,0.31,0.128,0.191,0.305,0.276,0.272,0.289,0.134,0.333,0.126,0.198,0.321,0.269,0.265,0.285,0.134,0.322,0.125,0.193,0.308,0.254,0.273,0.282,0.129,0.325,0.127,0.215,0.328,0.286,0.285,0.289,0.132,0.338,0.127,0.212,0.335,0.271,0.277,0.283,0.138,0.332,0.133,0.192,0.319,0.136,0.119,0.319,0.209,0.291,0.324,0.334,0.32,0.14,0.121,0.34,0.21,0.292,0.341,0.342,0.322,0.14,0.127,0.348,0.207,0.282,0.336,0.33,0.322,0.135,0.13,0.328,0.211,0.262,0.335,0.337,0.318,0.135,0.121,0.342,0.201,0.262,0.34,0.348,0.324,0.137,0.126,0.339,0.195,0.24,0.327,0.33,0.308,0.126,0.116,0.181,0.163,0.176,0.332,0.34,0.268,0.128,0.122,0.179,0.166,0.174,0.334,0.341,0.261,0.129,0.122,0.176,0.163,0.171,0.327,0.338,0.254,0.127,0.119,0.13,0.143,0.163,0.319,0.235,0.313,0.128,0.119,0.129,0.146,0.169,0.33,0.241,0.312,0.132,0.127,0.141,0.152,0.166,0.325,0.229,0.304,0.307,0.326,0.3,0.17,0.251,0.34,0.302,0.334,0.323,0.344,0.296,0.167,0.239,0.339,0.297,0.335,0.322,0.346,0.291,0.168,0.238,0.342,0.28,0.337,0.311,0.325,0.293,0.17,0.249,0.337,0.256,0.337,0.329,0.332,0.298,0.166,0.241,0.344,0.249,0.337,0.335,0.336,0.288,0.171,0.237,0.338,0.235,0.337,0.325,0.158,0.248,0.163,0.285,0.336,0.134,0.325,0.339,0.155,0.246,0.164,0.277,0.336,0.133,0.319,0.34,0.16,0.242,0.163,0.273,0.338,0.14,0.315,0.323,0.195,0.14,0.16,0.306,0.338,0.129,0.313,0.339,0.197,0.142,0.162,0.298,0.323,0.131,0.324,0.332,0.201,0.151,0.17,0.297,0.336,0.14,0.31,0.322,0.33,0.329,0.339,0.118,0.129,0.348,0.341,0.329,0.343,0.129,0.117,0.348,0.345,0.338,0.354,0.157,0.132,0.119,0.118,0.12,0.119,0.119,0.119,0.332,0.332,0.321,0.332,0.136,0.115,0.344,0.332,0.33,0.336,0.147,0.119,0.348,0.332,0.322,0.331,0.178,0.187,0.12,0.12,0.119,0.119,0.119,0.121,0.28,0.307,0.265,0.327,0.124,0.116,0.276,0.291,0.256,0.333,0.143,0.118,0.277,0.306,0.261,0.326,0.164,0.156,0.121,0.118,0.122,0.119,0.119,0.126,0.19,0.154,0.255,0.323,0.123,0.117,0.188,0.15,0.23,0.325,0.137,0.119,0.188,0.145,0.224,0.325,0.144,0.134,0.12,0.119,0.12,0.12,0.119,0.125
102.85,0.255,0.31,0.299,0.152,0.303,0.127,0.251,0.315,0.275,0.321,0.316,0.152,0.324,0.129,0.259,0.333,0.274,0.319,0.309,0.153,0.309,0.131,0.262,0.32,0.25,0.296,0.266,0.145,0.317,0.132,0.23,0.32,0.288,0.289,0.307,0.149,0.326,0.127,0.232,0.334,0.276,0.292,0.309,0.153,0.31,0.136,0.228,0.32,0.246,0.269,0.291,0.133,0.311,0.129,0.193,0.306,0.279,0.275,0.292,0.135,0.333,0.126,0.2,0.323,0.272,0.268,0.288,0.135,0.322,0.126,0.194,0.31,0.257,0.276,0.285,0.13,0.326,0.128,0.217,0.328,0.289,0.288,0.292,0.133,0.338,0.127,0.215,0.335,0.274,0.28,0.286,0.138,0.333,0.133,0.193,0.321,0.137,0.119,0.319,0.211,0.293,0.324,0.341,0.32,0.141,0.121,0.34,0.212,0.294,0.341,0.342,0.322,0.14,0.127,0.348,0.21,0.285,0.336,0.33,0.323,0.136,0.131,0.328,0.213,0.264,0.335,0.337,0.318,0.136,0.121,0.342,0.204,0.265,0.34,0.348,0.324,0.137,0.126,0.339,0.197,0.243,0.327,0.33,0.309,0.127,0.116,0.183,0.165,0.177,0.332,0.34,0.271,0.128,0.122,0.181,0.167,0.175,0.334,0.341,0.264,0.129,0.122,0.178,0.165,0.172,0.328,0.338,0.257,0.127,0.119,0.131,0.144,0.164,0.319,0.237,0.314,0.128,0.118,0.129,0.147,0.17,0.331,0.244,0.313,0.132,0.127,0.142,0.153,0.167,0.326,0.232,0.306,0.308,0.326,0.302,0.172,0.254,0.34,0.305,0.334,0.325,0.344,0.298,0.168,0.242,0.339,0.3,0.335,0.324,0.346,0.294,0.169,0.241,0.342,0.283,0.337,0.312,0.325,0.295,0.171,0.252,0.337,0.259,0.337,0.331,0.332,0.3,0.167,0.243,0.344,0.253,0.337,0.337,0.337,0.291,0.172,0.24,0.338,0.238,0.337,0.325,0.16,0.25,0.164,0.288,0.336,0.134,0.327,0.339,0.156,0.249,0.165,0.28,0.336,0.134,0.321,0.341,0.161,0.244,0.163,0.276,0.338,0.14,0.318,0.323,0.197,0.14,0.161,0.309,0.338,0.129,0.315,0.339,0.199,0.143,0.163,0.3,0.323,0.131,0.326,0.332,0.203,0.151,0.171,0.3,0.335,0.14,0.312,0.323,0.33,0.33,0.339,0.118,0.127,0.348,0.341,0.329,0.343,0.129,0.117,0.348,0.345,0.338,0.354,0.157,0.132,0.119,0.118,0.12,0.12,0.119,0.119,0.332,0.332,0.321,0.332,0.136,0.115,0.344,0.332,0.331,0.336,0.148,0.119,0.347,0.332,0.322,0.331,0.178,0.185,0.12,0.12,0.119,0.118,0.119,0.121,0.281,0.308,0.268,0.327,0.124,0.116,0.277,0.292,0.259,0.333,0.144,0.118,0.279,0.308,0.264,0.326,0.162,0.156,0.121,0.118,0.122,0.12,0.119,0.126,0.192,0.155,0.258,0.323,0.123,0.117,0.19,0.151,0.233,0.325,0.137,0.119,0.19,0.146,0.227,0.325,0.144,0.134,0.12,0.119,0.12,0.12,0.119,0.125
105.9666667,0.258,0.311,0.3,0.153,0.304,0.128,0.254,0.315,0.279,0.321,0.317,0.153,0.325,0.129,0.262,0.333,0.278,0.32,0.311,0.154,0.31,0.132,0.265,0.32,0.253,0.298,0.269,0.146,0.318,0.132,0.233,0.32,0.291,0.292,0.308,0.15,0.327,0.127,0.235,0.335,0.279,0.294,0.31,0.153,0.311,0.137,0.23,0.32,0.25,0.271,0.293,0.133,0.311,0.129,0.195,0.308,0.282,0.277,0.295,0.135,0.334,0.127,0.202,0.324,0.275,0.27,0.29,0.135,0.323,0.125,0.199,0.312,0.26,0.278,0.287,0.13,0.325,0.128,0.219,0.329,0.292,0.29,0.294,0.133,0.338,0.127,0.216,0.336,0.278,0.283,0.289,0.138,0.333,0.133,0.195,0.322,0.137,0.119,0.319,0.214,0.296,0.324,0.341,0.32,0.141,0.121,0.34,0.215,0.297,0.341,0.342,0.322,0.14,0.127,0.348,0.212,0.288,0.336,0.33,0.324,0.136,0.131,0.328,0.216,0.267,0.335,0.337,0.319,0.137,0.122,0.342,0.206,0.268,0.34,0.348,0.325,0.138,0.126,0.339,0.199,0.246,0.327,0.33,0.31,0.127,0.116,0.185,0.166,0.179,0.333,0.34,0.274,0.129,0.122,0.183,0.169,0.177,0.335,0.341,0.267,0.129,0.122,0.179,0.166,0.174,0.329,0.338,0.259,0.127,0.119,0.131,0.145,0.166,0.32,0.24,0.315,0.129,0.118,0.13,0.147,0.171,0.332,0.246,0.315,0.132,0.127,0.142,0.154,0.168,0.327,0.234,0.308,0.31,0.326,0.304,0.173,0.257,0.34,0.308,0.334,0.326,0.344,0.3,0.169,0.245,0.339,0.304,0.335,0.326,0.346,0.296,0.17,0.244,0.342,0.287,0.338,0.314,0.325,0.297,0.173,0.255,0.337,0.263,0.337,0.332,0.332,0.303,0.169,0.247,0.344,0.256,0.337,0.338,0.337,0.293,0.173,0.243,0.338,0.242,0.338,0.326,0.161,0.253,0.165,0.291,0.336,0.135,0.328,0.339,0.157,0.251,0.166,0.283,0.336,0.134,0.323,0.341,0.162,0.247,0.164,0.279,0.338,0.14,0.32,0.323,0.199,0.141,0.162,0.311,0.337,0.13,0.316,0.339,0.201,0.143,0.164,0.301,0.323,0.131,0.327,0.332,0.204,0.151,0.172,0.302,0.335,0.14,0.313,0.322,0.33,0.329,0.339,0.118,0.129,0.348,0.341,0.329,0.343,0.128,0.116,0.348,0.345,0.338,0.354,0.157,0.132,0.119,0.118,0.12,0.12,0.119,0.119,0.332,0.332,0.321,0.332,0.136,0.115,0.344,0.332,0.331,0.336,0.147,0.119,0.347,0.332,0.323,0.331,0.177,0.185,0.12,0.12,0.119,0.118,0.119,0.121,0.282,0.309,0.271,0.327,0.124,0.115,0.279,0.293,0.262,0.333,0.143,0.118,0.281,0.309,0.267,0.326,0.163,0.156,0.121,0.118,0.122,0.12,0.119,0.126,0.194,0.156,0.261,0.323,0.123,0.117,0.192,0.152,0.236,0.325,0.137,0.119,0.191,0.147,0.229,0.325,0.143,0.132,0.12,0.119,0.12,0.12,0.119,0.125
109.0833333,0.261,0.311,0.301,0.154,0.305,0.128,0.258,0.315,0.282,0.322,0.318,0.155,0.326,0.13,0.266,0.333,0.281,0.321,0.312,0.155,0.311,0.132,0.269,0.32,0.257,0.3,0.273,0.147,0.319,0.132,0.236,0.321,0.294,0.294,0.31,0.151,0.328,0.127,0.238,0.335,0.282,0.296,0.311,0.154,0.312,0.137,0.233,0.32,0.253,0.274,0.295,0.134,0.312,0.129,0.197,0.309,0.285,0.28,0.297,0.136,0.334,0.127,0.204,0.326,0.278,0.273,0.292,0.136,0.323,0.126,0.198,0.314,0.263,0.281,0.29,0.131,0.326,0.128,0.222,0.329,0.294,0.293,0.297,0.134,0.339,0.128,0.219,0.337,0.281,0.285,0.292,0.139,0.334,0.134,0.197,0.324,0.138,0.119,0.319,0.216,0.298,0.324,0.343,0.32,0.142,0.121,0.34,0.217,0.299,0.341,0.342,0.323,0.141,0.126,0.348,0.215,0.29,0.336,0.33,0.324,0.137,0.131,0.328,0.218,0.27,0.335,0.337,0.319,0.138,0.122,0.342,0.208,0.271,0.34,0.348,0.326,0.138,0.126,0.339,0.202,0.249,0.328,0.331,0.311,0.128,0.116,0.187,0.168,0.181,0.333,0.34,0.277,0.129,0.122,0.185,0.171,0.178,0.336,0.341,0.27,0.13,0.122,0.181,0.168,0.175,0.329,0.338,0.262,0.128,0.119,0.131,0.146,0.167,0.32,0.242,0.315,0.129,0.119,0.13,0.148,0.173,0.333,0.249,0.316,0.133,0.127,0.142,0.154,0.17,0.328,0.237,0.309,0.311,0.326,0.305,0.175,0.26,0.34,0.31,0.334,0.327,0.344,0.302,0.171,0.248,0.339,0.307,0.336,0.327,0.346,0.298,0.171,0.247,0.342,0.29,0.338,0.315,0.325,0.299,0.175,0.258,0.337,0.266,0.338,0.333,0.332,0.305,0.17,0.25,0.344,0.26,0.337,0.34,0.337,0.295,0.174,0.246,0.338,0.245,0.338,0.326,0.162,0.255,0.167,0.294,0.336,0.135,0.329,0.339,0.159,0.254,0.168,0.286,0.336,0.135,0.325,0.341,0.163,0.25,0.166,0.282,0.339,0.14,0.322,0.324,0.201,0.142,0.164,0.314,0.338,0.13,0.317,0.339,0.203,0.144,0.166,0.303,0.323,0.131,0.328,0.332,0.206,0.152,0.173,0.305,0.336,0.141,0.315,0.323,0.33,0.33,0.339,0.118,0.131,0.348,0.341,0.329,0.343,0.129,0.117,0.348,0.345,0.338,0.354,0.157,0.131,0.119,0.118,0.12,0.12,0.119,0.119,0.332,0.332,0.321,0.332,0.136,0.115,0.344,0.332,0.331,0.336,0.148,0.119,0.348,0.333,0.323,0.331,0.177,0.185,0.12,0.12,0.119,0.119,0.119,0.121,0.283,0.31,0.273,0.327,0.124,0.116,0.28,0.295,0.265,0.333,0.143,0.118,0.283,0.31,0.269,0.326,0.162,0.156,0.121,0.118,0.122,0.12,0.119,0.126,0.196,0.157,0.264,0.323,0.123,0.117,0.194,0.153,0.239,0.325,0.137,0.119,0.193,0.148,0.232,0.325,0.143,0.133,0.12,0.119,0.12,0.121,0.119,0.126
112.2,0.264,0.311,0.301,0.155,0.306,0.129,0.261,0.316,0.285,0.322,0.32,0.156,0.327,0.13,0.269,0.333,0.285,0.321,0.313,0.157,0.312,0.133,0.272,0.32,0.26,0.301,0.275,0.148,0.32,0.133,0.238,0.321,0.297,0.295,0.311,0.152,0.329,0.128,0.241,0.336,0.285,0.298,0.311,0.156,0.313,0.137,0.236,0.32,0.256,0.276,0.297,0.134,0.312,0.13,0.199,0.31,0.288,0.282,0.3,0.136,0.334,0.127,0.206,0.327,0.281,0.275,0.295,0.136,0.324,0.126,0.201,0.316,0.265,0.283,0.292,0.131,0.326,0.129,0.224,0.33,0.297,0.295,0.299,0.134,0.339,0.128,0.221,0.337,0.284,0.288,0.294,0.139,0.334,0.134,0.198,0.325,0.139,0.119,0.319,0.218,0.3,0.324,0.341,0.321,0.143,0.121,0.34,0.22,0.301,0.341,0.342,0.323,0.142,0.127,0.348,0.217,0.293,0.336,0.33,0.325,0.138,0.131,0.328,0.22,0.272,0.335,0.337,0.319,0.138,0.122,0.342,0.211,0.273,0.34,0.349,0.326,0.139,0.126,0.34,0.203,0.252,0.328,0.33,0.311,0.128,0.116,0.189,0.169,0.182,0.333,0.34,0.279,0.13,0.122,0.187,0.172,0.18,0.336,0.341,0.273,0.13,0.122,0.183,0.169,0.177,0.33,0.338,0.265,0.128,0.12,0.132,0.147,0.169,0.321,0.244,0.316,0.13,0.119,0.13,0.149,0.174,0.333,0.251,0.317,0.133,0.127,0.142,0.156,0.171,0.328,0.239,0.311,0.312,0.326,0.307,0.176,0.263,0.34,0.312,0.334,0.328,0.344,0.303,0.172,0.251,0.339,0.31,0.336,0.329,0.346,0.3,0.172,0.25,0.342,0.293,0.338,0.316,0.325,0.301,0.176,0.26,0.337,0.269,0.338,0.335,0.333,0.307,0.172,0.252,0.344,0.263,0.337,0.341,0.338,0.297,0.176,0.249,0.338,0.248,0.338,0.326,0.164,0.258,0.168,0.296,0.336,0.136,0.33,0.34,0.16,0.256,0.169,0.289,0.336,0.135,0.326,0.341,0.164,0.252,0.167,0.285,0.339,0.14,0.323,0.324,0.203,0.142,0.165,0.316,0.338,0.13,0.317,0.339,0.205,0.145,0.167,0.304,0.323,0.131,0.329,0.332,0.208,0.152,0.174,0.308,0.336,0.14,0.316,0.322,0.33,0.33,0.339,0.118,0.132,0.348,0.341,0.329,0.343,0.129,0.116,0.348,0.345,0.338,0.354,0.157,0.132,0.119,0.118,0.12,0.12,0.119,0.119,0.332,0.332,0.321,0.332,0.136,0.115,0.344,0.331,0.332,0.336,0.147,0.119,0.347,0.333,0.324,0.331,0.177,0.185,0.12,0.12,0.119,0.119,0.119,0.121,0.285,0.31,0.276,0.327,0.124,0.115,0.281,0.296,0.268,0.333,0.144,0.118,0.284,0.311,0.272,0.327,0.164,0.157,0.121,0.118,0.122,0.12,0.119,0.126,0.197,0.158,0.267,0.323,0.122,0.117,0.196,0.154,0.241,0.325,0.137,0.119,0.195,0.148,0.235,0.325,0.143,0.135,0.12,0.119,0.12,0.121,0.119,0.126
115.3166667,0.266,0.312,0.301,0.156,0.306,0.129,0.263,0.316,0.288,0.322,0.32,0.157,0.328,0.13,0.272,0.333,0.288,0.322,0.314,0.158,0.313,0.133,0.276,0.32,0.263,0.303,0.278,0.149,0.32,0.133,0.241,0.321,0.299,0.297,0.312,0.153,0.33,0.128,0.243,0.336,0.288,0.3,0.312,0.156,0.314,0.137,0.239,0.32,0.259,0.279,0.299,0.135,0.312,0.13,0.201,0.311,0.29,0.284,0.302,0.137,0.334,0.128,0.208,0.328,0.284,0.277,0.296,0.137,0.324,0.126,0.204,0.318,0.268,0.285,0.293,0.132,0.326,0.129,0.226,0.33,0.299,0.297,0.301,0.135,0.339,0.128,0.223,0.337,0.287,0.29,0.297,0.139,0.335,0.134,0.2,0.327,0.14,0.12,0.319,0.221,0.302,0.324,0.342,0.321,0.144,0.121,0.34,0.222,0.303,0.341,0.342,0.323,0.142,0.127,0.348,0.219,0.295,0.336,0.33,0.325,0.138,0.131,0.328,0.223,0.275,0.336,0.337,0.32,0.139,0.122,0.342,0.213,0.276,0.341,0.349,0.327,0.139,0.127,0.34,0.206,0.255,0.328,0.33,0.312,0.129,0.116,0.191,0.171,0.184,0.333,0.34,0.281,0.13,0.122,0.189,0.174,0.181,0.336,0.341,0.275,0.131,0.122,0.184,0.17,0.178,0.33,0.338,0.267,0.128,0.119,0.132,0.148,0.17,0.321,0.246,0.317,0.13,0.119,0.131,0.15,0.175,0.334,0.253,0.318,0.133,0.127,0.143,0.156,0.172,0.329,0.241,0.312,0.314,0.326,0.309,0.177,0.265,0.34,0.314,0.334,0.328,0.344,0.305,0.174,0.254,0.339,0.312,0.336,0.33,0.346,0.302,0.173,0.253,0.342,0.296,0.338,0.317,0.325,0.302,0.178,0.263,0.337,0.272,0.338,0.335,0.333,0.309,0.173,0.255,0.344,0.267,0.337,0.342,0.338,0.299,0.177,0.252,0.338,0.251,0.338,0.326,0.165,0.26,0.169,0.299,0.336,0.136,0.331,0.34,0.161,0.259,0.17,0.291,0.336,0.136,0.327,0.341,0.165,0.255,0.168,0.288,0.339,0.14,0.325,0.323,0.204,0.143,0.166,0.318,0.338,0.13,0.318,0.339,0.207,0.146,0.168,0.305,0.324,0.131,0.33,0.332,0.21,0.153,0.174,0.31,0.335,0.14,0.317,0.322,0.33,0.33,0.339,0.118,0.128,0.348,0.34,0.329,0.343,0.129,0.117,0.347,0.345,0.338,0.354,0.156,0.131,0.119,0.118,0.12,0.12,0.119,0.119,0.332,0.332,0.321,0.332,0.136,0.115,0.344,0.332,0.332,0.336,0.147,0.119,0.347,0.333,0.324,0.331,0.177,0.184,0.119,0.12,0.119,0.118,0.119,0.121,0.286,0.311,0.278,0.327,0.124,0.116,0.283,0.296,0.27,0.333,0.143,0.118,0.286,0.311,0.275,0.326,0.162,0.155,0.121,0.118,0.122,0.12,0.119,0.126,0.199,0.159,0.269,0.323,0.123,0.117,0.198,0.155,0.244,0.325,0.137,0.119,0.196,0.149,0.238,0.325,0.143,0.133,0.12,0.119,0.12,0.121,0.119,0.126
118.4333333,0.269,0.312,0.302,0.158,0.307,0.129,0.266,0.316,0.291,0.323,0.321,0.158,0.329,0.131,0.275,0.333,0.291,0.322,0.315,0.159,0.314,0.134,0.279,0.32,0.266,0.304,0.281,0.15,0.321,0.133,0.244,0.321,0.301,0.299,0.312,0.154,0.331,0.128,0.246,0.336,0.29,0.301,0.313,0.157,0.315,0.138,0.241,0.321,0.261,0.281,0.3,0.135,0.313,0.131,0.203,0.312,0.293,0.286,0.304,0.138,0.335,0.128,0.21,0.329,0.287,0.28,0.298,0.138,0.324,0.127,0.204,0.319,0.27,0.287,0.295,0.132,0.326,0.129,0.228,0.33,0.301,0.299,0.303,0.135,0.339,0.129,0.225,0.338,0.289,0.292,0.299,0.14,0.335,0.134,0.201,0.328,0.14,0.12,0.319,0.223,0.303,0.324,0.339,0.321,0.145,0.122,0.34,0.224,0.305,0.341,0.342,0.323,0.143,0.127,0.348,0.221,0.297,0.336,0.33,0.325,0.139,0.131,0.328,0.225,0.277,0.336,0.337,0.32,0.14,0.122,0.342,0.215,0.279,0.34,0.349,0.327,0.139,0.126,0.34,0.208,0.258,0.328,0.33,0.312,0.129,0.116,0.193,0.172,0.185,0.334,0.34,0.284,0.131,0.122,0.19,0.175,0.183,0.337,0.341,0.278,0.131,0.122,0.186,0.172,0.179,0.331,0.338,0.27,0.129,0.12,0.132,0.149,0.171,0.321,0.249,0.317,0.13,0.119,0.131,0.151,0.177,0.334,0.256,0.318,0.133,0.127,0.143,0.157,0.173,0.329,0.243,0.313,0.315,0.326,0.31,0.179,0.268,0.34,0.316,0.334,0.329,0.344,0.306,0.175,0.256,0.339,0.315,0.336,0.331,0.346,0.304,0.175,0.255,0.342,0.299,0.338,0.318,0.325,0.304,0.179,0.266,0.337,0.275,0.338,0.336,0.333,0.311,0.174,0.258,0.344,0.27,0.338,0.343,0.338,0.301,0.178,0.254,0.339,0.254,0.338,0.326,0.166,0.262,0.17,0.301,0.336,0.137,0.332,0.34,0.162,0.261,0.171,0.294,0.336,0.136,0.328,0.341,0.166,0.257,0.169,0.291,0.339,0.141,0.326,0.323,0.206,0.144,0.168,0.319,0.338,0.13,0.319,0.339,0.209,0.146,0.169,0.306,0.324,0.132,0.331,0.332,0.212,0.154,0.176,0.312,0.336,0.14,0.318,0.322,0.33,0.33,0.339,0.118,0.131,0.348,0.341,0.329,0.343,0.129,0.116,0.348,0.345,0.338,0.354,0.157,0.131,0.119,0.118,0.12,0.12,0.119,0.119,0.332,0.332,0.321,0.332,0.135,0.115,0.344,0.331,0.332,0.336,0.147,0.119,0.347,0.333,0.324,0.331,0.176,0.182,0.12,0.12,0.119,0.119,0.119,0.121,0.287,0.312,0.28,0.327,0.124,0.116,0.284,0.297,0.273,0.333,0.144,0.118,0.287,0.313,0.277,0.327,0.163,0.156,0.121,0.118,0.122,0.12,0.119,0.126,0.201,0.161,0.272,0.323,0.123,0.117,0.199,0.156,0.247,0.325,0.137,0.119,0.198,0.15,0.241,0.325,0.143,0.133,0.12,0.119,0.121,0.121,0.119,0.126
121.55,0.271,0.312,0.302,0.158,0.307,0.13,0.269,0.315,0.294,0.323,0.322,0.159,0.329,0.131,0.278,0.333,0.294,0.322,0.316,0.16,0.314,0.134,0.282,0.32,0.268,0.305,0.283,0.15,0.322,0.133,0.246,0.321,0.303,0.3,0.313,0.155,0.331,0.129,0.249,0.336,0.292,0.302,0.313,0.158,0.315,0.138,0.243,0.321,0.264,0.283,0.302,0.136,0.313,0.131,0.204,0.312,0.295,0.288,0.305,0.138,0.335,0.128,0.212,0.33,0.289,0.282,0.3,0.138,0.324,0.127,0.204,0.32,0.273,0.289,0.297,0.132,0.326,0.13,0.23,0.33,0.302,0.301,0.304,0.136,0.339,0.129,0.227,0.338,0.292,0.294,0.301,0.14,0.335,0.134,0.203,0.328,0.141,0.12,0.319,0.225,0.305,0.324,0.335,0.321,0.145,0.121,0.34,0.226,0.307,0.341,0.342,0.323,0.143,0.127,0.348,0.224,0.298,0.336,0.33,0.325,0.14,0.131,0.328,0.226,0.279,0.335,0.337,0.32,0.14,0.122,0.342,0.217,0.281,0.341,0.348,0.327,0.14,0.126,0.34,0.21,0.26,0.328,0.33,0.312,0.13,0.116,0.194,0.174,0.187,0.334,0.34,0.286,0.131,0.122,0.192,0.177,0.184,0.337,0.341,0.28,0.132,0.122,0.187,0.173,0.181,0.331,0.338,0.272,0.129,0.119,0.133,0.149,0.172,0.321,0.25,0.318,0.131,0.118,0.131,0.151,0.178,0.334,0.258,0.319,0.134,0.126,0.143,0.157,0.175,0.33,0.245,0.314,0.315,0.326,0.311,0.18,0.27,0.34,0.317,0.334,0.33,0.344,0.308,0.176,0.259,0.339,0.317,0.336,0.332,0.346,0.305,0.176,0.258,0.342,0.301,0.338,0.318,0.325,0.305,0.18,0.268,0.337,0.278,0.338,0.337,0.333,0.312,0.175,0.261,0.344,0.273,0.338,0.344,0.338,0.303,0.179,0.257,0.339,0.257,0.338,0.326,0.167,0.264,0.172,0.304,0.336,0.137,0.332,0.34,0.163,0.263,0.173,0.296,0.336,0.136,0.329,0.341,0.167,0.26,0.17,0.293,0.339,0.141,0.327,0.323,0.208,0.144,0.169,0.321,0.338,0.13,0.319,0.339,0.21,0.147,0.17,0.307,0.324,0.132,0.331,0.332,0.214,0.154,0.177,0.313,0.336,0.14,0.319,0.322,0.33,0.33,0.339,0.118,0.132,0.348,0.34,0.329,0.343,0.129,0.116,0.348,0.345,0.338,0.354,0.157,0.131,0.119,0.118,0.12,0.12,0.119,0.119,0.332,0.332,0.321,0.332,0.136,0.115,0.344,0.331,0.332,0.336,0.147,0.119,0.347,0.332,0.324,0.331,0.177,0.184,0.119,0.12,0.119,0.118,0.119,0.121,0.288,0.312,0.282,0.327,0.123,0.116,0.285,0.298,0.275,0.333,0.144,0.118,0.289,0.313,0.279,0.327,0.163,0.156,0.121,0.118,0.122,0.12,0.119,0.126,0.203,0.162,0.274,0.323,0.122,0.117,0.201,0.157,0.249,0.325,0.136,0.119,0.2,0.151,0.243,0.325,0.143,0.135,0.12,0.119,0.12,0.12,0.119,0.126
124.6666667,0.273,0.312,0.302,0.159,0.307,0.13,0.271,0.316,0.296,0.323,0.322,0.16,0.33,0.132,0.281,0.333,0.297,0.323,0.316,0.161,0.315,0.134,0.285,0.32,0.271,0.307,0.285,0.151,0.322,0.134,0.249,0.322,0.305,0.302,0.314,0.156,0.332,0.129,0.251,0.336,0.294,0.304,0.314,0.159,0.316,0.138,0.246,0.321,0.266,0.285,0.303,0.136,0.313,0.131,0.207,0.313,0.297,0.29,0.307,0.139,0.335,0.129,0.214,0.331,0.291,0.284,0.301,0.139,0.325,0.127,0.206,0.322,0.275,0.29,0.298,0.133,0.326,0.13,0.232,0.331,0.304,0.303,0.306,0.136,0.339,0.129,0.229,0.339,0.294,0.296,0.303,0.141,0.335,0.134,0.205,0.329,0.142,0.12,0.319,0.227,0.306,0.324,0.343,0.321,0.146,0.122,0.34,0.229,0.309,0.341,0.342,0.323,0.144,0.127,0.348,0.226,0.3,0.336,0.33,0.326,0.141,0.131,0.328,0.229,0.281,0.336,0.337,0.32,0.141,0.122,0.342,0.219,0.283,0.341,0.349,0.328,0.141,0.127,0.34,0.212,0.263,0.328,0.33,0.313,0.13,0.116,0.196,0.175,0.188,0.334,0.34,0.288,0.132,0.122,0.194,0.179,0.186,0.337,0.341,0.282,0.132,0.122,0.189,0.175,0.182,0.331,0.338,0.274,0.129,0.12,0.133,0.15,0.174,0.322,0.253,0.318,0.131,0.118,0.132,0.152,0.179,0.335,0.26,0.32,0.134,0.126,0.143,0.158,0.176,0.33,0.247,0.315,0.316,0.326,0.312,0.181,0.273,0.34,0.319,0.334,0.33,0.344,0.309,0.177,0.262,0.339,0.319,0.336,0.333,0.346,0.307,0.177,0.261,0.342,0.303,0.338,0.319,0.326,0.306,0.181,0.27,0.337,0.281,0.337,0.337,0.333,0.313,0.177,0.263,0.344,0.276,0.338,0.345,0.338,0.304,0.18,0.259,0.338,0.259,0.338,0.326,0.169,0.266,0.173,0.306,0.336,0.138,0.333,0.34,0.165,0.265,0.174,0.298,0.336,0.137,0.33,0.342,0.168,0.262,0.171,0.296,0.339,0.141,0.328,0.323,0.209,0.145,0.17,0.322,0.338,0.131,0.32,0.339,0.212,0.148,0.172,0.308,0.324,0.132,0.332,0.332,0.216,0.154,0.178,0.315,0.335,0.14,0.319,0.322,0.33,0.33,0.339,0.118,0.131,0.348,0.34,0.329,0.343,0.128,0.116,0.347,0.345,0.338,0.354,0.157,0.13,0.119,0.118,0.12,0.12,0.119,0.119,0.332,0.332,0.321,0.332,0.136,0.115,0.344,0.332,0.333,0.336,0.148,0.119,0.347,0.333,0.325,0.331,0.179,0.184,0.12,0.12,0.119,0.118,0.119,0.121,0.289,0.312,0.284,0.327,0.123,0.116,0.286,0.299,0.278,0.333,0.144,0.118,0.29,0.314,0.282,0.327,0.164,0.155,0.121,0.118,0.122,0.12,0.119,0.126,0.204,0.163,0.276,0.323,0.123,0.117,0.203,0.158,0.251,0.325,0.136,0.119,0.201,0.152,0.246,0.326,0.142,0.133,0.12,0.119,0.12,0.121,0.119,0.126
